customer_id,first_name,last_name,email,phone_number,address,city,country,postal_code,loyalty_points
1,Regine,Hemerijk,rhemerijk0@ocn.ne.jp,883-937-5927,7803 Bashford Avenue,Sumbergedong,Indonesia,,585
2,Bertina,Orehead,borehead1@weibo.com,319-585-5631,210 Grayhawk Center,Trairi,Brazil,62690-000,491
3,Zebedee,Haggett,zhaggett2@vk.com,426-304-7277,62735 Burning Wood Alley,Yangsa,South Korea,,553
4,Mallissa,Dawidowicz,mdawidowicz3@ca.gov,731-287-1769,05938 Kedzie Trail,Santa Marta,Colombia,470017,0
5,Darsie,Arnatt,darnatt4@privacy.gov.au,210-795-4700,108 Merchant Drive,Zhuozishan,China,,941
6,Arturo,Shillingford,ashillingford5@uiuc.edu,799-342-8293,0 Tennyson Plaza,Paicol,Colombia,415047,174
7,Velvet,Cleynaert,vcleynaert6@angelfire.com,366-566-8909,062 Bultman Hill,Magangué,Colombia,132527,98
8,Bruce,Mooney,bmooney7@ted.com,366-343-4967,8 Randy Center,Nkoteng,Cameroon,,454
9,Sebastien,Trelevan,strelevan8@techcrunch.com,393-831-2284,05443 Ludington Drive,Muzidian,China,,33
10,Annadiane,Tallis,atallis9@utexas.edu,240-601-1061,3692 Vidon Place,Houmt Souk,Tunisia,,17
11,Marga,Artis,martisa@earthlink.net,469-565-1252,19 Meadow Valley Way,Oslo,Norway,1257,396
12,Antone,Roggerone,aroggeroneb@whitehouse.gov,792-777-6668,3 Commercial Trail,Jinfeng,China,,114
13,Edmund,Halshaw,ehalshawc@ted.com,792-470-3578,39 Granby Avenue,Homa Bay,Kenya,,963
14,Hiram,Walch,hwalchd@samsung.com,420-526-0020,2658 Arapahoe Point,Chemal,Russia,649240,998
15,Delmore,McIlmurray,dmcilmurraye@smugmug.com,681-681-4317,3788 Crescent Oaks Drive,Jiangchi,China,,295
16,Lauren,Hawson,lhawsonf@about.me,178-803-5968,0632 Eggendart Place,Wulong,China,,22
17,Erastus,Fritche,efritcheg@angelfire.com,502-196-9495,42388 Logan Drive,San Quintin,Philippines,2808,269
18,Kenna,Constable,kconstableh@vk.com,653-648-9890,3 Sunnyside Point,Mahalapye,Botswana,,378
19,Gipsy,Otton,gottoni@geocities.jp,299-185-1799,1628 Bultman Junction,Morteros,Argentina,2421,139
20,Karlene,Lamperd,klamperdj@purevolume.com,136-758-3012,8 Hallows Terrace,Sinargalih,Indonesia,,656
21,Phillip,Berryman,pberrymank@alexa.com,235-628-7860,7341 Utah Hill,Pingkai,China,,434
22,Tammie,Font,tfontl@auda.org.au,181-833-9801,0 Becker Street,Douliu,Taiwan,,502
23,Roscoe,Dmitrievski,rdmitrievskim@cornell.edu,636-652-7003,01 Anderson Road,Valença,Brazil,27600-000,869
24,Colette,Cantillon,ccantillonn@ft.com,372-113-7930,3 Arizona Terrace,Huallanca,Peru,,858
25,Joan,Adamkiewicz,jadamkiewiczo@elpais.com,620-816-0839,969 Golf Way,Ambatolampy,Madagascar,,213
26,Chet,Oherlihy,coherlihyp@opera.com,151-810-5727,04 Jenna Crossing,Tula,Russia,300999,638
27,Ernest,Mothersole,emothersoleq@vinaora.com,255-354-6767,65974 Derek Park,Fairview,Ireland,D17,25
28,Reggy,Ghirardi,rghirardir@howstuffworks.com,916-109-8134,9438 Mosinee Place,Wangzuizi,China,,597
29,Carmon,Orts,cortss@statcounter.com,721-667-1840,3 Grasskamp Court,Changchi,China,,660
30,Elwyn,Godball,egodballt@twitpic.com,223-559-8324,56494 Milwaukee Drive,Yong’an,China,,791
31,Sergeant,Bruyet,sbruyetu@hubpages.com,424-175-1777,9670 Maryland Park,Jetaral,China,,987
32,Christie,Grenville,cgrenvillev@squarespace.com,914-722-2161,555 Roxbury Lane,Sertolovo,Russia,197758,825
33,Lily,Slimings,lslimingsw@themeforest.net,735-476-5072,6 Sullivan Terrace,‘Ūrīf,Palestinian Territory,,486
34,Josey,Gotter,jgotterx@usgs.gov,294-251-8037,87 Acker Junction,Pasir Mas,Malaysia,17020,133
35,Latrena,Krysztofowicz,lkrysztofowiczy@icq.com,981-939-6812,686 Union Hill,Changyi,China,,80
36,Elinor,Guerner,eguernerz@photobucket.com,115-516-5421,24041 Veith Pass,Jönköping,Sweden,555 94,523
37,Urbanus,Sings,usings10@cbc.ca,725-447-8312,28117 Magdeline Junction,Baiquesi,China,,360
38,Jard,Frichley,jfrichley11@ox.ac.uk,960-890-4516,930 Pine View Pass,Darungan,Indonesia,,683
39,Garrick,Ashplant,gashplant12@plala.or.jp,177-347-3331,22 Dunning Crossing,Minggang,China,,890
40,Rhona,Rivenzon,rrivenzon13@rediff.com,534-162-8008,6893 Mitchell Road,Gegu,China,,705
41,Miltie,Mannin,mmannin14@amazonaws.com,151-381-6798,26660 Golden Leaf Plaza,Luofang,China,,228
42,Ax,Cordero,acordero15@bluehost.com,395-878-6434,4 Blaine Place,Rakek,Slovenia,1381,157
43,Elyn,McRobb,emcrobb16@newsvine.com,417-326-9804,20 Northfield Road,San Isidro,Mexico,94723,991
44,Kristen,Sharland,ksharland17@pinterest.com,856-871-8536,9 Troy Lane,Maroa,Venezuela,,368
45,Herminia,Thiem,hthiem18@yandex.ru,116-498-1520,42 Sullivan Pass,Hongchun,China,,733
46,Nate,Petrovykh,npetrovykh19@nymag.com,723-371-3150,363 Westport Way,Ārt Khwājah,Afghanistan,,226
47,Quintus,Gadesby,qgadesby1a@stumbleupon.com,229-682-8737,3 Laurel Point,Yuanhou,China,,593
48,Matty,Podd,mpodd1b@digg.com,310-588-2724,9 Oriole Terrace,Jinotepe,Nicaragua,,763
49,Payton,Breyt,pbreyt1c@yandex.ru,355-133-2902,82 Coolidge Avenue,Lukolela,Democratic Republic of the Congo,,825
50,Aharon,Conradsen,aconradsen1d@wikimedia.org,778-978-1255,590 Columbus Point,Flórina,Greece,,451
51,Denney,Tockell,dtockell1e@bandcamp.com,567-235-1105,3 Bashford Terrace,Youfang,China,,384
52,Harley,Umpleby,humpleby1f@posterous.com,502-514-1682,957 Lakewood Gardens Road,Karantaba,Gambia,,384
53,Farah,Maus,fmaus1g@wikia.com,589-441-3911,95 Sugar Drive,Ouricuri,Brazil,56200-000,589
54,Sharleen,Heady,sheady1h@studiopress.com,700-632-5190,25 Roth Circle,Arcangel,Philippines,5602,752
55,Anjanette,Richter,arichter1i@hao123.com,378-577-2423,50659 Hansons Circle,Lendava,Slovenia,8332,904
56,Chane,Degue,cdegue1j@ask.com,261-451-5007,5 Dovetail Alley,Schirmeck,France,67137 CEDEX,58
57,Kissie,Liddel,kliddel1k@mapy.cz,532-697-2338,96341 Elka Crossing,Kawęczyn,Poland,62-704,750
58,Olvan,Esp,oesp1l@eventbrite.com,429-801-2734,95161 Calypso Place,Slobozia,Moldova,MD-4233,274
59,Pippa,Bortolutti,pbortolutti1m@buzzfeed.com,717-933-6550,36 Shopko Alley,Sapiranga,Brazil,93800-000,58
60,Leesa,Statham,lstatham1n@csmonitor.com,412-451-3691,321 3rd Court,Sangar Sarāy,Afghanistan,,597
61,Debera,Macia,dmacia1o@businessweek.com,233-396-1376,850 Fordem Place,Babat,Indonesia,,829
62,Diannne,Viel,dviel1p@naver.com,612-467-9505,08 Hansons Court,Huayana,Peru,,28
63,Harwell,Byrde,hbyrde1q@xrea.com,625-210-7500,12175 Nobel Center,Íos,Greece,,380
64,Judon,Greader,jgreader1r@taobao.com,952-773-9274,8914 Farragut Plaza,Zastávka,Czech Republic,664 84,879
65,Myrilla,Callinan,mcallinan1s@ucoz.com,350-374-6682,0699 Logan Plaza,Hanbin,China,,43
66,Jean,Starmer,jstarmer1t@xinhuanet.com,415-506-9188,622 Meadow Vale Center,Chanthaburi,Thailand,10510,101
67,Dorotea,Lilburn,dlilburn1u@g.co,931-522-6987,30 Blue Bill Park Way,Chahe,China,,71
68,Ruprecht,Jellyman,rjellyman1v@i2i.jp,448-366-0379,7751 Wayridge Alley,Houmen,China,,724
69,Shaine,Merryweather,smerryweather1w@japanpost.jp,143-356-5323,94647 Butternut Hill,Cirangrang,Indonesia,,530
70,Kennett,Statefield,kstatefield1x@webmd.com,236-541-2839,0 Ludington Hill,Pursat,Cambodia,,619
71,Dalis,Curnucke,dcurnucke1y@wikimedia.org,705-553-9937,7 Hooker Trail,Aquitania,Colombia,152429,543
72,Rabi,Doe,rdoe1z@youku.com,957-705-2750,37 Eagle Crest Lane,Andrijaševci,Croatia,32271,489
73,Talbert,Godar,tgodar20@home.pl,481-968-7859,43 Iowa Junction,Uspenka,Ukraine,,220
74,Mikey,Bartosek,mbartosek21@cargocollective.com,843-262-0567,5 North Terrace,Vysotsk,Russia,188909,559
75,Aland,Burtwistle,aburtwistle22@dailymotion.com,779-580-1081,14872 Crownhardt Hill,Ladner,Canada,V7A,577
76,Ingamar,Gadsdon,igadsdon23@blogger.com,432-768-3347,846 Rowland Street,Duofudu,China,,404
77,Barron,Cromblehome,bcromblehome24@redcross.org,654-748-2896,8431 Becker Circle,Batallas,Bolivia,,270
78,Marcello,Richt,mricht25@weebly.com,190-729-7014,87658 Emmet Plaza,Welchman Hall,Barbados,,706
79,Carleton,Knock,cknock26@google.pl,258-127-9453,94 Alpine Avenue,Orhon,Mongolia,,546
80,Pia,Sine,psine27@sbwire.com,134-399-5794,18 Talmadge Point,Zhoinda,China,,219
81,Eada,Rottenbury,erottenbury28@discuz.net,274-894-3458,233 Merry Alley,Yantak,China,,242
82,Washington,Fasse,wfasse29@bloglines.com,788-756-9740,21 Susan Terrace,Phitsanulok,Thailand,65000,599
83,Cookie,Adriaan,cadriaan2a@cisco.com,238-983-3806,05659 Artisan Place,Volodymyrets’,Ukraine,,233
84,Betti,Gon,bgon2b@uiuc.edu,241-776-8424,3 Corry Avenue,The Valley,Anguilla,,546
85,Wilow,Gooday,wgooday2c@squidoo.com,719-989-2854,1637 Sloan Pass,Livorno,Italy,57124,13
86,Gale,Patton,gpatton2d@time.com,406-901-1678,7 Merchant Way,Tungoo,Indonesia,,496
87,Pietro,MacAless,pmacaless2e@domainmarket.com,466-679-4590,13 Atwood Trail,La Ravoire,France,73494 CEDEX,201
88,Hedi,Preshaw,hpreshaw2f@umn.edu,242-878-6931,27166 Norway Maple Park,Untolovo,Russia,431783,348
89,Tania,Pridmore,tpridmore2g@statcounter.com,578-544-3530,37900 Shoshone Parkway,Maquiapo,Philippines,2007,34
90,Hugibert,Tschursch,htschursch2h@twitpic.com,102-945-7763,5 Mallard Center,Wutumeiren,China,,937
91,Tatum,Biers,tbiers2i@issuu.com,862-311-3162,752 Reinke Parkway,Si Mahosot,Thailand,25190,26
92,Xever,Khotler,xkhotler2j@multiply.com,920-884-3640,37 Rigney Terrace,Zlín,Czech Republic,760 01,880
93,Shelagh,Foggarty,sfoggarty2k@google.ru,550-501-9975,81440 Hoffman Drive,Charikar,Afghanistan,,799
94,Jade,Flewitt,jflewitt2l@illinois.edu,949-373-9994,11842 West Drive,Yangjiao,China,,782
95,Salli,Dudley,sdudley2m@digg.com,597-633-9059,0 Lake View Terrace,Dateng,Indonesia,,530
96,Willi,Wintersgill,wwintersgill2n@istockphoto.com,219-973-6414,29 Express Lane,Cahuac,Peru,,727
97,Poul,Lum,plum2o@nationalgeographic.com,727-672-5428,3 Hazelcrest Street,Shibi,China,,520
98,Lisha,Churchman,lchurchman2p@illinois.edu,688-342-9275,0301 Bluestem Parkway,Kokstad,South Africa,4710,143
99,Hestia,Novill,hnovill2q@naver.com,695-514-8058,14944 Dryden Hill,Río Grande,Argentina,9420,170
100,Lark,MacCallum,lmaccallum2r@yahoo.co.jp,172-452-5559,58278 Debra Alley,Shibi,China,,987
101,Dodi,Mundow,dmundow2s@acquirethisname.com,501-165-2072,17 Claremont Hill,Kaputian,Philippines,8120,994
102,Delphine,Hafner,dhafner2t@uol.com.br,412-247-1084,81 Milwaukee Terrace,Pittsburgh,United States,15240,836
103,Selma,Soughton,ssoughton2u@gizmodo.com,804-196-8095,54883 Memorial Court,Sahatsakhan,Thailand,46140,350
104,Shannah,Gregan,sgregan2v@bravesites.com,852-828-9907,87 Main Crossing,Nkurenkuru,Namibia,,600
105,Barby,Streeten,bstreeten2w@istockphoto.com,563-114-4763,1 John Wall Junction,Pangkalan,Indonesia,,76
106,Harlen,Coleyshaw,hcoleyshaw2x@feedburner.com,122-528-3864,11188 Summerview Park,Baruny,Belarus,,543
107,Aliza,Farbrace,afarbrace2y@fc2.com,334-530-0666,206 Eastlawn Lane,Manalu,Indonesia,,867
108,Marget,O'Keevan,mokeevan2z@telegraph.co.uk,975-927-0763,27733 Twin Pines Avenue,Bagé,Brazil,96400-000,279
109,Allyce,Greenroa,agreenroa30@yale.edu,477-906-6258,21771 Welch Hill,Pahonjean,Indonesia,,634
110,Donnie,Northcote,dnorthcote31@sciencedaily.com,956-898-3619,1322 Messerschmidt Place,Ngajum,Indonesia,,31
111,Aurelie,Meeks,ameeks32@nba.com,687-659-4126,43 Del Mar Pass,Pitrufquén,Chile,,452
112,Gerianne,Burdon,gburdon33@live.com,138-237-5882,3040 Meadow Vale Center,Myeik,Myanmar,,82
113,Nevsa,Kernley,nkernley34@senate.gov,324-477-2112,6588 Esch Place,Shagonar,Russia,668210,793
114,Rozamond,Medgewick,rmedgewick35@zimbio.com,593-671-3577,68801 Farragut Way,Bagorejo,Indonesia,,849
115,Derron,Aspell,daspell36@buzzfeed.com,554-467-6661,69011 Summer Ridge Park,Makrochóri,Greece,,16
116,Emmy,Eglington,eeglington37@phpbb.com,592-892-4954,808 Anhalt Court,Iogach,Russia,649154,187
117,Harwell,Hanvey,hhanvey38@constantcontact.com,132-398-6646,24218 Doe Crossing Circle,Mwense,Zambia,,118
118,Claire,Purcell,cpurcell39@virginia.edu,681-236-2179,9462 Redwing Terrace,Henglu,China,,799
119,Amelina,Franciottoi,afranciottoi3a@noaa.gov,941-833-9890,75500 Clyde Gallagher Plaza,Mazra‘at Bayt Jinn,Syria,,988
120,Fleming,Highwood,fhighwood3b@va.gov,488-882-5270,596 International Plaza,Sloboda,Ukraine,,890
121,Haily,Christofol,hchristofol3c@phoca.cz,148-908-2049,8 Artisan Way,Dembéni,Comoros,,870
122,Hoebart,Liddyard,hliddyard3d@indiegogo.com,153-505-1748,0 Buena Vista Hill,Anuling,Philippines,4221,794
123,Anabel,Donhardt,adonhardt3e@about.com,850-603-4200,3592 Fairfield Avenue,Tutnae,Indonesia,,413
124,Willi,Smiley,wsmiley3f@google.com,254-164-4756,8 Haas Plaza,Issy-les-Moulineaux,France,92782 CEDEX 9,929
125,Boony,Chawner,bchawner3g@livejournal.com,949-183-6139,125 Rigney Junction,Newport Beach,United States,92662,887
126,Livvie,Milmore,lmilmore3h@weather.com,735-788-7214,31 Portage Center,Skópelos,Greece,,317
127,Gustavo,Scrivinor,gscrivinor3i@census.gov,461-976-0743,37529 5th Hill,Dzwola,Poland,23-304,158
128,Camella,Hellsdon,chellsdon3j@time.com,433-419-5007,7 Hagan Parkway,Ibarra,Ecuador,,226
129,Emery,Bryden,ebryden3k@sogou.com,992-179-1495,9681 Hermina Terrace,Reforma,Mexico,69818,588
130,Diandra,Robshaw,drobshaw3l@fastcompany.com,337-543-0293,1 Meadow Valley Circle,Palampal,Indonesia,,916
131,Reamonn,Thomesson,rthomesson3m@dailymail.co.uk,912-851-1980,5 Erie Plaza,Hrvatska Kostajnica,Croatia,44430,84
132,Hildagard,Jouannisson,hjouannisson3n@surveymonkey.com,336-770-4210,9 Dorton Way,Greensboro,United States,27415,979
133,Derwin,Albion,dalbion3o@washington.edu,806-953-1018,27 Stuart Circle,Berezne,Ukraine,,756
134,Scarface,Goligher,sgoligher3p@youtu.be,165-993-7682,53 Fairfield Point,Dortmund,Germany,44269,533
135,Carson,Harmon,charmon3q@stumbleupon.com,802-548-8925,72895 Moose Point,Independencia,Mexico,30815,440
136,Rosana,Andries,randries3r@mozilla.com,795-346-4625,5 Melby Circle,Lagoa de Albufeira,Portugal,2970-267,143
137,Stanford,McNeill,smcneill3s@yolasite.com,218-976-8584,7 Troy Junction,Launceston,Australia,7904,488
138,Silvain,Follan,sfollan3t@google.cn,561-299-3823,76154 Clyde Gallagher Junction,Erada,Portugal,6215-205,270
139,Luise,O'Lynn,lolynn3u@patch.com,551-859-4427,648 West Avenue,Mamuša,Kosovo,,682
140,Kiele,Waber,kwaber3v@spiegel.de,372-971-4585,7351 Bunker Hill Plaza,Kolomyya,Ukraine,,730
141,Matthias,Wordsley,mwordsley3w@theglobeandmail.com,409-878-5061,0 Calypso Place,Kasreman Wetan,Indonesia,,593
142,Essa,Seers,eseers3x@cocolog-nifty.com,702-313-1872,1592 Forest Dale Junction,Cotton Ground,Saint Kitts and Nevis,,854
143,Kathryne,Hopkyns,khopkyns3y@slashdot.org,321-339-6082,75 Eagle Crest Road,Maloyaroslavets,Russia,249884,554
144,Kylynn,Heintsch,kheintsch3z@unblog.fr,655-961-6125,148 Logan Pass,Shemonaīkha,Kazakhstan,,269
145,Conant,Scammonden,cscammonden40@vinaora.com,505-573-7348,16180 School Junction,Vanáton,Greece,,808
146,Hildy,Pashley,hpashley41@chron.com,502-447-7466,0645 Northland Terrace,Reserva,Brazil,84320-000,794
147,Tressa,Placstone,tplacstone42@stanford.edu,132-196-5001,283 Loftsgordon Alley,Salento,Colombia,631028,329
148,Maximilianus,Bigley,mbigley43@homestead.com,819-213-3331,216 Coolidge Terrace,Baishan,China,,993
149,Fanny,Treace,ftreace44@quantcast.com,924-376-5061,49971 Burning Wood Junction,Sremska Mitrovica,Serbia,,944
150,Thurstan,Insull,tinsull45@addthis.com,364-670-6380,982 Tomscot Place,Margahayukencana,Indonesia,,511
151,Claire,Zack,czack46@auda.org.au,619-721-8051,4206 Parkside Crossing,Guaíra,Brazil,14790-000,25
152,Serge,Nemchinov,snemchinov47@360.cn,343-555-5507,21821 Holmberg Road,La Celia,Colombia,662037,924
153,Fredrick,Nerney,fnerney48@wikipedia.org,210-550-6099,624 Kingsford Drive,Olyka,Ukraine,,881
154,Rozele,Blagden,rblagden49@wordpress.org,989-173-0902,58 Daystar Hill,Peras Ruivas,Portugal,2435-585,298
155,Rand,Priest,rpriest4a@toplist.cz,378-101-7155,05 Barby Point,Xiashihao,China,,753
156,Daven,Lapish,dlapish4b@jugem.jp,834-676-5178,1 Beilfuss Plaza,Bang Pakong,Thailand,24130,55
157,Oates,Awton,oawton4c@sun.com,335-322-7154,3 Grover Junction,Magay,Philippines,6344,309
158,Vina,Storie,vstorie4d@so-net.ne.jp,986-635-0939,19699 Johnson Drive,Artimet,Armenia,,745
159,Harland,Mariet,hmariet4e@thetimes.co.uk,167-746-8324,6471 Dorton Point,Obsza,Poland,23-413,970
160,Elysia,Kline,ekline4f@t-online.de,381-253-5576,1813 Pepper Wood Avenue,Siemianowice Śląskie,Poland,41-106,757
161,Beverley,Scholefield,bscholefield4g@telegraph.co.uk,941-458-3953,6 Sheridan Way,Wuyanquan,China,,902
162,Auberta,Mitchelson,amitchelson4h@vkontakte.ru,415-796-9497,755 Farragut Drive,Kafr ad Dīk,Palestinian Territory,,468
163,Paloma,Northover,pnorthover4i@netscape.com,174-322-7696,3759 Fordem Place,Al Majāridah,Saudi Arabia,,214
164,Shanda,Naptine,snaptine4j@ebay.co.uk,483-477-3341,18 Buhler Circle,Masebewa,Indonesia,,558
165,Debera,Swatheridge,dswatheridge4k@fema.gov,978-913-9941,12200 Fallview Terrace,Wróblew,Poland,98-285,816
166,Cristen,MacPeake,cmacpeake4l@ocn.ne.jp,699-553-4874,289 Meadow Valley Park,Rates,Portugal,4570-414,908
167,Cosette,Filby,cfilby4m@ft.com,195-508-0830,20945 Blue Bill Park Circle,Eger,Hungary,3304,819
168,Cristian,Camilli,ccamilli4n@cyberchimps.com,397-831-6193,15 Sloan Way,Novoarkhanhel’s’k,Ukraine,,859
169,Mel,Bernadon,mbernadon4o@youku.com,400-119-5727,6 Myrtle Way,Arnhem,Netherlands,6844,965
170,Danielle,Tumilson,dtumilson4p@infoseek.co.jp,828-627-2985,49 Bunting Pass,Novallas,Philippines,7213,333
171,Chlo,Lardiner,clardiner4q@woothemes.com,843-370-3539,94788 Gulseth Avenue,Soko,Indonesia,,478
172,Eberto,D'Agostino,edagostino4r@wired.com,804-807-3113,3448 Kennedy Place,Yuecheng,China,,862
173,Joete,Carlile,jcarlile4s@bigcartel.com,541-290-3810,7701 Lake View Lane,Umbanyar,Indonesia,,504
174,Angelita,Tixier,atixier4t@blogtalkradio.com,462-297-8304,5099 Packers Parkway,Shuiyang,China,,811
175,Esme,Offen,eoffen4u@slate.com,358-905-6522,8 David Circle,Tanshan,China,,112
176,Burch,Scase,bscase4v@prweb.com,478-221-1135,46410 Leroy Plaza,Santiago,Mexico,54784,944
177,Caria,Pirie,cpirie4w@unicef.org,465-493-1662,1604 Spaight Place,Az Zāhir,Yemen,,964
178,Kimberly,Longson,klongson4x@jimdo.com,319-254-5806,92 Northridge Court,Zhongying,China,,349
179,Rena,Hagard,rhagard4y@jigsy.com,924-971-5725,174 Porter Junction,Xihe,China,,373
180,Darius,Kemmish,dkemmish4z@wikimedia.org,195-173-1057,11386 Dryden Parkway,Chandal Bā’ī,Afghanistan,,324
181,Torry,Wingar,twingar50@fda.gov,588-374-7788,934 Red Cloud Lane,Gorgoram,Nigeria,,473
182,Russ,Sommer,rsommer51@barnesandnoble.com,626-397-0750,3 Moose Pass,Gaoqiao,China,,460
183,Ingaberg,Orth,iorth52@gravatar.com,626-860-2225,58 Melrose Way,Xihe,China,,612
184,Rhoda,Alner,ralner53@people.com.cn,825-829-6721,2 Macpherson Plaza,Sengeti,Indonesia,,554
185,Mozelle,De la Eglise,mdelaeglise54@livejournal.com,262-779-6380,4 Havey Court,Mafeteng,Lesotho,,701
186,Eve,Boise,eboise55@walmart.com,361-485-3002,17 Eagle Crest Circle,Ximei,China,,525
187,Sisely,Leeman,sleeman56@artisteer.com,296-774-3156,88224 Westend Lane,Opoczno,Poland,26-301,710
188,Paco,Gitsham,pgitsham57@ehow.com,908-869-5345,54930 Doe Crossing Point,Qiaotou,China,,678
189,Olivia,Gery,ogery58@ucsd.edu,984-785-1840,861 Mariners Cove Junction,Tangzhai,China,,611
190,Andres,Giacobelli,agiacobelli59@pen.io,763-601-9541,76092 Steensland Center,Mananara,Madagascar,,26
191,Maiga,Patient,mpatient5a@sciencedirect.com,583-796-9541,05670 Sutteridge Way,Périgueux,France,24053 CEDEX,446
192,Beatrix,Plott,bplott5b@wufoo.com,965-175-6319,562 1st Terrace,Anxi,China,,486
193,Malanie,Yele,myele5c@aol.com,369-391-1350,495 Basil Parkway,North Bay,Canada,P1A,154
194,Cad,Gudgen,cgudgen5d@oaic.gov.au,549-346-8599,9 Hintze Pass,Sōka,Japan,341-0053,545
195,Perkin,Ickovitz,pickovitz5e@aol.com,728-220-9202,8358 Washington Pass,Ordino,Andorra,AD300,73
196,Cyrus,Hallifax,challifax5f@google.ru,148-523-2854,6 Mesta Lane,Ginowan,Japan,901-2211,875
197,Roi,Pautard,rpautard5g@pinterest.com,930-194-1157,49 Sage Street,Alacaygan,Philippines,1212,692
198,Kristin,Parmby,kparmby5h@miitbeian.gov.cn,559-235-2091,104 Hermina Street,Lidköping,Sweden,531 36,481
199,Aluin,Robjohns,arobjohns5i@jugem.jp,100-787-1002,99 Tony Pass,Suban,China,,112
200,Abel,Stelli,astelli5j@independent.co.uk,297-734-1011,11 American Ash Park,Halmstad,Sweden,301 80,404
201,Gypsy,Plaster,gplaster5k@weibo.com,179-619-0052,49 Colorado Way,Krasnovishersk,Russia,618593,453
202,Selie,Kalkhoven,skalkhoven5l@netvibes.com,823-451-6502,55297 Walton Lane,Kurumkan,Russia,671642,1000
203,Nanine,Woodworth,nwoodworth5m@free.fr,657-247-0531,59022 Harbort Pass,Quinocay,Peru,,176
204,Jamill,Male,jmale5n@example.com,843-914-3473,7 Vera Junction,Água Preta,Brazil,55550-000,723
205,Rici,McCrudden,rmccrudden5o@uiuc.edu,744-793-5990,1155 Myrtle Point,Laoshawan,China,,468
206,Celisse,Swanton,cswanton5p@1688.com,254-660-3031,48 Vernon Plaza,Dar es Salaam,Tanzania,,191
207,See,Noller,snoller5q@soup.io,976-210-1867,850 Dixon Lane,Baños,Ecuador,,735
208,Chris,Triggol,ctriggol5r@ihg.com,361-642-6643,23967 Briar Crest Road,New Leyte,Philippines,8102,772
209,Kimball,Beaconsall,kbeaconsall5s@biglobe.ne.jp,587-709-9816,578 Summerview Road,Sūrān,Iran,,914
210,Abbott,Vankin,avankin5t@nsw.gov.au,685-329-1284,15605 Goodland Place,Catumbela,Angola,,521
211,Nadia,Gerardet,ngerardet5u@va.gov,334-538-1393,59740 5th Point,Kalyny,Ukraine,,141
212,Carl,Embleton,cembleton5v@yandex.ru,507-569-9266,21 Badeau Alley,Wolomoni,Indonesia,,511
213,Blaire,Maingot,bmaingot5w@dedecms.com,241-527-8856,228 Meadow Valley Plaza,Haradzishcha,Belarus,,300
214,Joella,Braid,jbraid5x@wsj.com,732-620-7296,29832 Harbort Court,Eira da Pedra,Portugal,2495-505,915
215,Deina,Tuck,dtuck5y@earthlink.net,892-873-4425,4 Loftsgordon Lane,Haozhai,China,,842
216,Julianna,Chasteau,jchasteau5z@ovh.net,667-763-3383,21 Basil Place,Kýthnos,Greece,,597
217,Antonius,Yegorshin,ayegorshin60@nytimes.com,360-301-4705,660 Spohn Point,La Unión,Colombia,521529,809
218,Florry,Petz,fpetz61@jalbum.net,239-948-6403,06 Ryan Parkway,Vojkovice,Czech Republic,739 51,549
219,Albertina,Banyard,abanyard62@bloglovin.com,327-123-7781,0 Logan Center,Dmitrov,Russia,141850,506
220,Shirleen,Yoskowitz,syoskowitz63@people.com.cn,128-597-1126,2 Mockingbird Point,Sopron,Hungary,9404,508
221,Eddy,Bradtke,ebradtke64@nyu.edu,665-138-3281,51444 Mariners Cove Court,Yambrasbamba,Peru,,867
222,Tarra,Drescher,tdrescher65@wired.com,486-162-8912,8 Debs Junction,Jinchang,China,,169
223,Karlens,Worman,kworman66@miitbeian.gov.cn,997-399-6197,50366 Green Ridge Place,Baocun,China,,870
224,Tyrus,Glassborow,tglassborow67@japanpost.jp,240-875-7630,064 Hudson Alley,Putat Lor,Indonesia,,278
225,Dru,Romanini,dromanini68@webnode.com,632-502-7907,73935 Fremont Plaza,Yanaoca,Peru,,725
226,Renate,Blumsom,rblumsom69@163.com,423-519-0768,0 Fordem Park,Jingmen,China,,45
227,Hatty,Biggin,hbiggin6a@tinypic.com,929-278-0867,43388 Golf Course Street,Żórawina,Poland,55-020,990
228,Marwin,Synan,msynan6b@springer.com,564-817-9490,4072 Memorial Pass,Tuwa,Indonesia,,478
229,Charity,Bodill,cbodill6c@dyndns.org,432-647-2815,2110 Veith Point,Lashkar Gāh,Afghanistan,,815
230,Bert,Raoult,braoult6d@posterous.com,952-136-0283,9418 Crescent Oaks Lane,Nago,Japan,917-0011,397
231,Allan,Drewet,adrewet6e@patch.com,819-849-6670,9800 Cardinal Place,Zavrč,Slovenia,2283,830
232,Carlie,Halmkin,chalmkin6f@ucsd.edu,921-481-3708,1 Vera Plaza,Toshbuloq,Uzbekistan,,497
233,Taber,Franiak,tfraniak6g@weibo.com,625-450-8197,3 Schurz Pass,Kaligutan,Philippines,3320,855
234,Jessee,Flahive,jflahive6h@booking.com,654-954-0955,59078 Pond Road,Youxi Chengguanzhen,China,,844
235,Dalila,Traylen,dtraylen6i@house.gov,424-821-7899,6 Village Hill,São José do Egito,Brazil,56700-000,952
236,Buck,Windram,bwindram6j@behance.net,770-923-7570,3 Tomscot Trail,Hengqu,China,,17
237,Frank,Theze,ftheze6k@census.gov,615-331-2467,789 Glendale Street,Tongguan,China,,870
238,Beauregard,Bricknall,bbricknall6l@liveinternet.ru,229-294-7438,676 Trailsway Way,Студеничани,Macedonia,2436,278
239,Saundra,Embleton,sembleton6m@photobucket.com,891-539-8765,7 Valley Edge Crossing,Kedungharjo,Indonesia,,776
240,Mauricio,Brackenbury,mbrackenbury6n@telegraph.co.uk,538-729-3856,4110 Shopko Drive,Dainan,China,,217
241,Mahmud,Bruno,mbruno6o@yale.edu,483-455-5108,335 Oneill Alley,Hongsipu,China,,555
242,Perkin,Aimable,paimable6p@tmall.com,150-862-2774,38967 Gale Trail,Sing Buri,Thailand,16150,153
243,Luci,Donner,ldonner6q@slate.com,424-301-4129,6 Dottie Plaza,Namling,China,,90
244,Geordie,Gaiter,ggaiter6r@jigsy.com,746-349-1303,1 Tomscot Way,Rueil-Malmaison,France,92504 CEDEX,720
245,Forster,Draye,fdraye6s@cargocollective.com,406-459-0138,1 Maple Wood Trail,‘Arab ar Rashāydah,Palestinian Territory,,87
246,Rem,Godain,rgodain6t@bizjournals.com,779-612-2614,74 Brown Circle,Brits,South Africa,0277,691
247,Milzie,Wadley,mwadley6u@ihg.com,174-900-9796,8114 Dapin Pass,Bungoma,Kenya,,526
248,Godfry,Scoles,gscoles6v@ucoz.ru,457-837-8614,4 Mayer Pass,Jimo,China,,523
249,Eve,Lembrick,elembrick6w@adobe.com,793-688-1459,6104 Scofield Way,Chengxi,China,,565
250,Jodi,Bartholin,jbartholin6x@oracle.com,738-360-8548,221 1st Trail,Reinaldes,Portugal,2525-675,61
251,Jodi,Neale,jneale6y@intel.com,468-257-3096,7 Doe Crossing Park,‘Abasān al Kabīrah,Palestinian Territory,,913
252,Dalston,Aysh,daysh6z@webnode.com,944-223-3237,44295 La Follette Plaza,Caucete,Argentina,5442,744
253,Shauna,Storry,sstorry70@taobao.com,286-837-3996,3 Meadow Valley Junction,Eisen,South Korea,,120
254,Constanta,Niven,cniven71@wix.com,416-371-8599,391 Maywood Way,Wasior,Indonesia,,379
255,Siegfried,Hofton,shofton72@reverbnation.com,606-823-8029,5202 Packers Road,Ankazondandy,Madagascar,,324
256,Almeta,Siebert,asiebert73@pbs.org,839-503-5486,40584 American Ash Circle,Podgortsy,Ukraine,,316
257,Simonette,Hoopper,shoopper74@networksolutions.com,345-149-3947,930 Browning Street,Chikola,Russia,363503,52
258,Roselia,Tindle,rtindle75@goo.gl,245-176-6066,5 Carey Center,Shahrisabz Shahri,Uzbekistan,,243
259,Kinna,Djuricic,kdjuricic76@printfriendly.com,357-101-4457,0266 Fieldstone Way,Peresvet,Russia,141364,122
260,Susan,Sexti,ssexti77@photobucket.com,329-331-2630,957 Scoville Terrace,Al Bawīţī,Egypt,,740
261,Bev,Frede,bfrede78@bloglines.com,660-530-4403,4 Nancy Parkway,Jinping,China,,302
262,Kyle,Pecey,kpecey79@exblog.jp,184-223-8516,49 Ridgeview Pass,Shidong,China,,112
263,Ambros,Curryer,acurryer7a@uiuc.edu,768-623-6023,9 Garrison Circle,Mataigou,China,,126
264,Charlene,Ludovico,cludovico7b@joomla.org,970-702-1978,4138 Hermina Alley,Paratunka,Russia,659642,621
265,Siobhan,Lefever,slefever7c@loc.gov,560-286-2475,9 Scott Place,Vygonichi,Russia,243371,794
266,Foster,Lukock,flukock7d@1688.com,156-237-6497,34576 Delaware Point,Wawu,China,,48
267,Katina,Cockcroft,kcockcroft7e@weather.com,670-444-4553,15 Dottie Pass,Dongpu,China,,828
268,Wallache,Ockendon,wockendon7f@un.org,282-916-1233,27617 Northport Crossing,Ebebiyin,Equatorial Guinea,,693
269,Carolus,Bohey,cbohey7g@geocities.jp,472-695-6417,99 Union Junction,Shetangpo,China,,609
270,Christen,St. Hill,csthill7h@elpais.com,930-607-7162,56 Cambridge Hill,Valence,France,26907 CEDEX 9,188
271,Adelaide,Gidley,agidley7i@bravesites.com,739-627-8835,70 Dahle Alley,Kuče,Croatia,10419,939
272,Lurette,Cullabine,lcullabine7j@cnbc.com,720-794-2753,37586 Mendota Trail,Vincennes,France,94309 CEDEX,219
273,Frans,Bercher,fbercher7k@goodreads.com,946-281-2196,7 Oneill Alley,Rodolívos,Greece,,20
274,Rory,Hassard,rhassard7l@telegraph.co.uk,987-741-0602,88869 Arizona Alley,Oslo,Norway,0173,477
275,Eberhard,Colbran,ecolbran7m@elpais.com,561-771-3616,57701 Lakeland Alley,Brniště,Czech Republic,471 29,725
276,Jerrylee,Keggin,jkeggin7n@storify.com,120-505-3340,1 Charing Cross Drive,Santa Rosa,Peru,,326
277,Thia,Benoit,tbenoit7o@sakura.ne.jp,910-953-1937,3 Service Hill,Venustiano Carranza,Mexico,93848,517
278,Lurleen,Gard,lgard7p@fema.gov,643-236-6557,2 Sage Trail,Srinagarindra,Thailand,31150,778
279,Daron,Renault,drenault7q@so-net.ne.jp,346-547-5064,555 Annamark Hill,Chochkan,Armenia,,919
280,Minerva,Hattam,mhattam7r@columbia.edu,651-742-0586,38756 Elka Drive,Siao,Thailand,84120,297
281,Marika,Sheringham,msheringham7s@cam.ac.uk,360-482-1415,497 Graedel Lane,San Luis,Honduras,,635
282,Jasmine,Syseland,jsyseland7t@soundcloud.com,452-459-6683,73481 Starling Road,Nerokoúros,Greece,,254
283,Matias,Pitkeathly,mpitkeathly7u@ucoz.ru,323-155-1231,54 Vahlen Trail,Nynäshamn,Sweden,149 81,23
284,Charlot,Leathes,cleathes7v@123-reg.co.uk,783-849-5706,01 Pearson Hill,Tariji,Philippines,3119,668
285,Evvie,Alcock,ealcock7w@rambler.ru,333-208-1797,5351 Sherman Junction,Los Fresnos,Mexico,36750,175
286,Dani,Adrienne,dadrienne7x@arstechnica.com,933-801-8562,57431 Lunder Plaza,Kallithéa,Greece,,6
287,Gerrard,Gabbidon,ggabbidon7y@timesonline.co.uk,487-777-2940,46 South Parkway,Ualog,Philippines,1703,758
288,Timofei,Giffin,tgiffin7z@mlb.com,784-932-2748,2889 Arrowood Avenue,Hamburg Harvestehude,Germany,20249,160
289,Kalina,Pregal,kpregal80@usda.gov,665-234-2577,787 Carioca Parkway,Dengmingsi,China,,807
290,Tisha,Corrison,tcorrison81@netvibes.com,579-423-4413,13 Fair Oaks Parkway,Sadská,Czech Republic,289 12,268
291,Sherri,Peascod,speascod82@arstechnica.com,405-883-4805,8857 Barnett Court,Kore,Indonesia,,545
292,Josias,Twohig,jtwohig83@youtube.com,549-776-9680,2679 Kropf Point,Satis,Russia,607328,365
293,Teena,Kimberly,tkimberly84@google.com.br,509-789-7813,4454 Grim Place,Asíni,Greece,,573
294,Rurik,Disman,rdisman85@boston.com,724-425-0691,298 Elgar Drive,Qiaojia,China,,558
295,Ramon,Gossling,rgossling86@reuters.com,553-328-3777,3 Ridgeview Plaza,Umingan,Philippines,2443,982
296,Mada,Reffe,mreffe87@edublogs.org,810-615-4931,750 Melby Trail,Louta,China,,65
297,Ernesta,Ollington,eollington88@disqus.com,662-627-5111,4267 Kinsman Alley,Wurigelebur,Indonesia,,274
298,Philippe,Houndson,phoundson89@barnesandnoble.com,837-433-0179,0 Swallow Plaza,Chashan,China,,878
299,Eberto,Dallosso,edallosso8a@zimbio.com,930-140-5415,4 Monument Plaza,Xingpinglu,China,,504
300,Barrie,Birks,bbirks8b@icio.us,240-661-5030,514 Brown Center,Łękawica,Poland,34-321,577
301,Sherm,McCaskell,smccaskell8c@bigcartel.com,677-947-2642,6454 Drewry Lane,Jin’e,China,,322
302,Hermy,Babbage,hbabbage8d@fc2.com,161-151-9741,58906 American Way,Huangjiazhai,China,,295
303,Jody,Lippiatt,jlippiatt8e@hugedomains.com,106-827-3994,28 Mandrake Avenue,Qingjiangqiao,China,,372
304,Tony,Breyt,tbreyt8f@cloudflare.com,517-689-1192,343 Bunker Hill Park,Seixezelo,Portugal,4415-928,45
305,Juliet,D'Antonio,jdantonio8g@de.vu,360-325-5513,69 Lien Drive,Vancouver,United States,98687,318
306,Winifield,Eddington,weddington8h@hatena.ne.jp,493-824-1274,1883 Spaight Hill,Spasskoye-Lutovinovo,Russia,303002,313
307,Cirstoforo,Stening,cstening8i@typepad.com,565-299-1605,4162 Schlimgen Lane,Klimontów,Poland,32-112,315
308,Brien,Ovey,bovey8j@ifeng.com,714-418-2446,96094 Laurel Pass,Teófilo Otoni,Brazil,39800-000,143
309,Heinrick,Janu,hjanu8k@spotify.com,923-301-8543,53758 Karstens Court,Hinigaran,Philippines,4026,754
310,Jamal,Pendered,jpendered8l@google.co.jp,511-628-0670,770 Moose Way,Sundbyberg,Sweden,172 29,949
311,Kenny,Gilhoolie,kgilhoolie8m@yandex.ru,950-380-6312,5538 Raven Park,Weixin,China,,933
312,Gilbertine,Ragg,gragg8n@rakuten.co.jp,459-518-1227,7 Eliot Parkway,Bonabéri,Cameroon,,907
313,Bobbye,Wellwood,bwellwood8o@cnet.com,675-163-2282,7920 Stoughton Pass,Milicz,Poland,56-300,665
314,Byran,Striker,bstriker8p@ca.gov,921-999-6691,5979 Daystar Terrace,Chemin Grenier,Mauritius,,140
315,Leoine,Cuppitt,lcuppitt8q@discuz.net,764-636-8187,91538 Calypso Hill,Puzi,China,,353
316,Cristal,Torregiani,ctorregiani8r@home.pl,248-265-1040,98382 Miller Place,Jetafe,Philippines,6334,401
317,Clarisse,Galliver,cgalliver8s@omniture.com,127-692-8370,181 Golf Point,Kisii,Kenya,,920
318,Odell,Mattiazzi,omattiazzi8t@homestead.com,130-989-8577,81166 Springview Junction,Chalcos,Peru,,706
319,Hermie,Kermott,hkermott8u@narod.ru,170-372-1916,8399 Cherokee Avenue,Bambari,Central African Republic,,538
320,Domini,Howland,dhowland8v@miitbeian.gov.cn,963-861-1403,0 Springview Court,Saratov,Russia,668162,182
321,Freddie,Winchester,fwinchester8w@altervista.org,115-169-1700,30203 Meadow Valley Court,Omu Aran,Nigeria,,392
322,Rikki,Gillions,rgillions8x@virginia.edu,629-262-6414,95 Bluejay Court,Trollhättan,Sweden,461 37,421
323,Yankee,Rulten,yrulten8y@craigslist.org,561-794-1917,19 Petterle Point,London,United Kingdom,WC1B,931
324,Christoph,Craighead,ccraighead8z@salon.com,311-183-1038,0891 Namekagon Park,Kabankalan,Philippines,6109,70
325,Harmony,Suttill,hsuttill90@sourceforge.net,398-805-2129,3685 Barby Terrace,Cipasung,Indonesia,,464
326,Anna-diana,Arington,aarington91@nationalgeographic.com,928-398-5796,90 High Crossing Avenue,Gościeradów,Poland,23-231,272
327,Selle,Whytock,swhytock92@biglobe.ne.jp,214-707-2975,6500 Sullivan Junction,Richmond,South Africa,7090,833
328,Milty,Hallagan,mhallagan93@nbcnews.com,378-617-4047,66 Lukken Park,Nouaseur,Morocco,,800
329,Ingra,McFeate,imcfeate94@nps.gov,232-624-0290,5 Burrows Lane,Jocón,Honduras,,290
330,Gabe,Basey,gbasey95@tripod.com,508-767-6140,4961 Riverside Road,Ledoy,Peru,,582
331,Ivor,Zmitrichenko,izmitrichenko96@oracle.com,797-231-6504,04 Prentice Plaza,Birātnagar,Nepal,,736
332,Corry,Lambie,clambie97@1688.com,482-958-9479,6088 Del Mar Circle,Caujul,Peru,,234
333,Harald,Clearley,hclearley98@fda.gov,246-309-9515,6 Lotheville Lane,Igarapé Açu,Brazil,35516-000,11
334,Boonie,Gini,bgini99@elpais.com,474-493-1449,7 Dunning Court,Raphoe,Ireland,X91,360
335,Frasquito,Bazek,fbazek9a@ycombinator.com,715-154-7542,8 Red Cloud Street,Ganshui,China,,315
336,Sonia,Ochterlony,sochterlony9b@yale.edu,977-310-6557,1 Dwight Lane,Kuala Terengganu,Malaysia,20916,420
337,Ceciley,Friday,cfriday9c@arstechnica.com,479-543-7663,371 Butternut Court,Pindangan Centro,Philippines,8603,190
338,Debi,Matyukon,dmatyukon9d@springer.com,110-598-9361,1949 Donald Park,Hede,China,,3
339,Welbie,Mucklestone,wmucklestone9e@godaddy.com,906-501-6936,93361 Sugar Place,Alarobia,Madagascar,,507
340,Shanda,Jardein,sjardein9f@google.com.au,566-369-1070,84 Prentice Junction,Jiefang,China,,491
341,Kit,Gibbeson,kgibbeson9g@deviantart.com,627-411-2404,5 Heath Drive,Guebwiller,France,68504 CEDEX,334
342,Malanie,Nodin,mnodin9h@qq.com,800-180-5466,0 Summit Circle,Kilindoni,Tanzania,,158
343,Yorgos,Snoding,ysnoding9i@bloglovin.com,268-616-8322,7928 Thompson Court,Dostoyevka,Russia,649779,146
344,Timmy,Tythe,ttythe9j@alexa.com,691-994-9514,3 Bunting Alley,Rivesaltes,France,66605 CEDEX,213
345,Farris,Bassingden,fbassingden9k@histats.com,624-401-7119,9 Mccormick Junction,Guyangan,Indonesia,,513
346,Toby,Huguenet,thuguenet9l@dyndns.org,649-653-2231,9522 Emmet Avenue,Ngeru,Indonesia,,940
347,Jory,Rey,jrey9m@jiathis.com,344-572-1769,57 Hazelcrest Place,Novotroitskaya,Russia,356126,988
348,Leland,Jertz,ljertz9n@foxnews.com,432-941-1333,6137 Weeping Birch Pass,Crossfield,Canada,B0N,534
349,Sara,Pateman,spateman9o@hud.gov,372-873-8253,2648 Grim Pass,Chantilly,France,60506 CEDEX,135
350,Jennifer,Gosdin,jgosdin9p@unicef.org,895-444-7163,6 Bobwhite Point,Krikil,Indonesia,,909
351,Reta,Moutray Read,rmoutrayread9q@scientificamerican.com,580-332-9598,69483 Huxley Plaza,Zhangbang,China,,75
352,Chery,Carriage,ccarriage9r@ted.com,395-671-9194,8289 Florence Pass,Florida,Honduras,,297
353,Kirbie,Sander,ksander9s@cnet.com,927-715-0912,8371 Esch Terrace,Dzaoudzi,Mayotte,97615,504
354,Garner,Versey,gversey9t@blogtalkradio.com,100-802-0174,19 Village Green Plaza,München,Germany,80995,587
355,Babbie,Woodford,bwoodford9u@netvibes.com,661-698-4381,5133 Claremont Pass,Gandiaye,Senegal,,161
356,Arin,Ramalhete,aramalhete9v@marketwatch.com,120-442-0476,412 Anthes Road,Le Kremlin-Bicêtre,France,94279 CEDEX,322
357,Marianne,Riley,mriley9w@discovery.com,204-512-8122,945 Gina Road,Zghartā,Lebanon,,46
358,Jeanette,Rawlison,jrawlison9x@ucla.edu,953-144-4552,8833 Armistice Avenue,Nanyang,China,,207
359,Katrina,Kell,kkell9y@reverbnation.com,962-994-4354,21819 Portage Circle,Dukoh,Indonesia,,517
360,Koralle,Summerell,ksummerell9z@pen.io,776-706-4551,3 Larry Park,Viļaka,Latvia,,765
361,Conny,Vogeler,cvogelera0@reverbnation.com,660-548-3493,6591 Drewry Parkway,Shunhe,China,,226
362,Franky,Drinan,fdrinana1@storify.com,423-194-2249,02457 Sundown Trail,Johnson City,United States,37605,80
363,Shawnee,Tibbetts,stibbettsa2@prweb.com,760-738-0224,0734 Knutson Street,Cogreg Wetan,Indonesia,,991
364,Florie,Dybell,fdybella3@foxnews.com,697-154-5074,07 Kinsman Terrace,Alvito,Portugal,7920-015,909
365,Joni,Norsister,jnorsistera4@hp.com,576-799-0747,27 Dixon Hill,Gikongoro,Rwanda,,279
366,Lammond,Muzzall,lmuzzalla5@zdnet.com,281-257-2978,32592 Mayfield Trail,Bradashesh,Albania,,652
367,Alyda,Klagges,aklaggesa6@themeforest.net,313-225-9010,99280 Melrose Circle,Ajdabiya,Libya,,591
368,Dniren,Cheavin,dcheavina7@bloglovin.com,210-797-2070,65089 Onsgard Junction,San Antonio,United States,78205,33
369,Cinda,Treweela,ctreweelaa8@creativecommons.org,289-760-2427,0385 Forest Run Drive,Danglang Hudong,China,,612
370,Florence,Ingon,fingona9@mediafire.com,283-831-6063,6 Pearson Avenue,Khanabad,Afghanistan,,136
371,Belvia,Palatino,bpalatinoaa@cdbaby.com,768-716-4993,52563 Waubesa Avenue,Rio Verde de Mato Grosso,Brazil,79480-000,227
372,Claudianus,Lowey,cloweyab@salon.com,368-509-9206,32793 Bunker Hill Way,San Isidro,Philippines,8421,573
373,Fanchon,Denniss,fdennissac@cisco.com,602-739-5735,11494 Elka Terrace,Bayan,Mongolia,,964
374,Erick,Yesinin,eyesininad@yahoo.co.jp,867-857-9072,6 Orin Drive,Trnovlje pri Celju,Slovenia,3215,387
375,Aubrey,Dyne,adyneae@360.cn,811-776-4086,134 Pawling Terrace,Leigu,China,,189
376,Shoshana,Rayman,sraymanaf@t.co,314-121-2476,29205 Troy Point,Jalaud,Philippines,1045,176
377,Fawne,Gilbanks,fgilbanksag@dedecms.com,465-709-4878,3 Esker Circle,Kanugrahan,Indonesia,,992
378,Nickie,Van der Daal,nvanderdaalah@va.gov,176-743-4731,7309 Buena Vista Avenue,Vareš,Bosnia and Herzegovina,,632
379,Eugine,Kiddye,ekiddyeai@e-recht24.de,580-763-7595,1 Eggendart Point,Mengxi,China,,30
380,Virgie,Goodge,vgoodgeaj@nasa.gov,642-392-9406,04 Farmco Center,Tawangsari,Indonesia,,459
381,Darius,Parlett,dparlettak@pcworld.com,772-598-1443,32029 American Circle,Shuangjiang,China,,706
382,Conney,Stedell,cstedellal@wikimedia.org,641-355-5086,7222 Shasta Lane,São Luiz Gonzaga,Brazil,97800-000,619
383,Sileas,Philippet,sphilippetam@youku.com,495-562-9451,157 Bonner Point,Regnów,Poland,96-232,157
384,Blane,Crunden,bcrundenan@yelp.com,166-420-3878,5950 Blue Bill Park Terrace,Nuwaybi‘a,Egypt,,459
385,Biddy,Heikkinen,bheikkinenao@mapy.cz,924-251-8659,965 Prairieview Alley,Alpiarça,Portugal,2090-023,674
386,Rosette,Condliffe,rcondliffeap@amazon.co.jp,473-358-5953,862 Pepper Wood Circle,Jeleuk,Indonesia,,943
387,Bernie,Gartery,bgarteryaq@storify.com,612-367-3901,9 Declaration Road,Bukovany,Czech Republic,772 00,318
388,Rachele,Paireman,rpairemanar@chronoengine.com,220-894-1103,90 Meadow Valley Court,Ugac Sur,Philippines,3501,646
389,Serena,Solan,ssolanas@ucsd.edu,786-146-5468,4 Orin Way,Tân Trụ,Vietnam,,415
390,Charlton,Cordeux,ccordeuxat@topsy.com,317-929-6620,4 Clarendon Center,Gnieżdżewo,Poland,84-130,756
391,Reuben,Temblett,rtemblettau@google.pl,257-452-3640,4 Forest Run Park,Wierzawice,Poland,37-306,812
392,Concettina,Gymblett,cgymblettav@ucla.edu,381-782-6426,9304 Packers Street,Żabnica,Poland,34-382,432
393,Vinnie,Pally,vpallyaw@is.gd,369-264-4788,6 Petterle Parkway,Špišić-Bukovica,Croatia,33405,218
394,Selia,De Launde,sdelaundeax@businesswire.com,746-299-9118,47051 Corry Pass,Rouen,France,76040 CEDEX,115
395,Annabella,Smy,asmyay@wikispaces.com,229-731-8661,3 John Wall Street,Shicha,China,,894
396,Boonie,Heintz,bheintzaz@wsj.com,811-991-8520,28733 Walton Hill,Raojān,Bangladesh,4343,266
397,Debi,Stuffins,dstuffinsb0@diigo.com,472-840-3946,578 Valley Edge Alley,Chengguan,China,,951
398,Bonnibelle,Rodda,broddab1@cloudflare.com,864-456-3685,1154 Carberry Junction,Greenville,United States,29605,196
399,Myrwyn,Townes,mtownesb2@springer.com,208-769-0605,1 Brickson Park Park,Nunchía,Colombia,851078,484
400,Frasier,Weald,fwealdb3@ed.gov,527-266-7358,1 Warrior Junction,El Carmen,Argentina,3190,543
401,Xerxes,Cuxson,xcuxsonb4@mayoclinic.com,139-864-9257,1 Springs Street,Palagao Norte,Philippines,0918,655
402,Magdalen,Code,mcodeb5@oaic.gov.au,897-962-4013,0 Village Green Court,Lidingö,Sweden,181 31,20
403,Lennie,Chazerand,lchazerandb6@gravatar.com,958-999-4073,87898 Mallard Center,Akashi,Japan,950-0084,344
404,Kelci,Donaghy,kdonaghyb7@ft.com,275-845-7800,5 Evergreen Road,Lacroix-Saint-Ouen,France,60618 CEDEX,480
405,Geno,Rubel,grubelb8@sakura.ne.jp,404-336-9382,8 Oakridge Pass,Atar,Mauritania,,903
406,Tonia,Maystone,tmaystoneb9@boston.com,161-188-5681,98 Oneill Circle,Gaopeng,China,,251
407,Finn,Huster,fhusterba@qq.com,116-714-6862,448 Vahlen Avenue,Vlkoš,Czech Republic,751 19,47
408,Renard,Innocent,rinnocentbb@example.com,330-639-1288,841 Manufacturers Trail,Yangce,China,,928
409,Gregor,Learmonth,glearmonthbc@vistaprint.com,648-189-1260,12 Nevada Center,El Caño,Panama,,301
410,Tasha,Levins,tlevinsbd@istockphoto.com,800-657-3804,18 Lyons Court,Horní Stropnice,Czech Republic,373 35,369
411,Clemente,Scrigmour,cscrigmourbe@ebay.co.uk,214-271-9426,429 Kingsford Trail,Dallas,United States,75277,351
412,Belvia,Sketchley,bsketchleybf@ucoz.com,871-210-9156,424 Gateway Point,Wangmang,China,,87
413,Candide,Kleeborn,ckleebornbg@ustream.tv,606-869-2697,65367 Scoville Pass,Miaoyu,China,,301
414,Daphne,Rosberg,drosbergbh@amazon.de,985-523-0298,3 Buell Junction,Galesong,Indonesia,,940
415,Putnam,Nelthropp,pnelthroppbi@ustream.tv,296-184-6748,561 Blackbird Point,Zhihe,China,,620
416,Fields,Gyrgorcewicx,fgyrgorcewicxbj@stumbleupon.com,686-165-8749,554 Express Park,Ban Bueng,Thailand,43210,966
417,Lexi,O'Crevan,locrevanbk@springer.com,360-978-7816,347 Thompson Crossing,Playas,Ecuador,,30
418,Tod,Shinner,tshinnerbl@trellian.com,230-787-9415,15771 Thierer Circle,Ubon Ratchathani,Thailand,67150,969
419,Haskell,Frigout,hfrigoutbm@google.com,350-500-8625,668 Columbus Center,Novobeysugskaya,Russia,353145,925
420,Pris,Topes,ptopesbn@godaddy.com,827-294-0128,81949 Spohn Hill,Kadusirung Hilir,Indonesia,,96
421,Pamela,Flear,pflearbo@addthis.com,200-969-9649,49 Emmet Crossing,Duba,Saudi Arabia,,84
422,Amargo,Grassi,agrassibp@miibeian.gov.cn,284-395-7326,1 Sycamore Way,Jiayuguan,China,,425
423,Kania,Blackmuir,kblackmuirbq@quantcast.com,154-300-8770,8 Fairfield Trail,Nanhe,China,,885
424,Agnese,Chadwyck,achadwyckbr@abc.net.au,384-700-9398,22877 Bobwhite Lane,Amirdzhan,Azerbaijan,,663
425,Geralda,Punton,gpuntonbs@usnews.com,387-714-1896,6 Manufacturers Hill,El Cantón,Venezuela,,541
426,Sigfried,Haggerty,shaggertybt@webmd.com,130-670-3327,958 Pleasure Pass,Dolní Rychnov,Czech Republic,356 04,904
427,Kasey,Hampshire,khampshirebu@privacy.gov.au,259-338-1516,241 Di Loreto Road,Mosal’sk,Russia,249930,351
428,Alvy,Pirot,apirotbv@ovh.net,576-253-8891,21 3rd Parkway,Dijon,France,21030 CEDEX,385
429,Rochella,Eseler,reselerbw@eventbrite.com,211-125-0743,89406 Arrowood Junction,Beopwon,South Korea,,889
430,Court,D'Antuoni,cdantuonibx@dailymail.co.uk,696-604-8100,94439 Badeau Drive,Semenivka,Ukraine,,470
431,Baudoin,Berns,bbernsby@aol.com,221-954-0685,54615 Superior Terrace,Cartagena,Philippines,2432,16
432,Lesli,Heppner,lheppnerbz@nifty.com,124-678-3161,3392 Glacier Hill Road,Itoigawa,Japan,949-0544,391
433,Page,Jeaneau,pjeaneauc0@blinklist.com,758-538-4867,659 4th Avenue,Kazinka,Russia,162811,851
434,Ingaberg,Snel,isnelc1@usatoday.com,182-695-8765,16947 Maple Avenue,Bugana,Nigeria,,218
435,Constanta,Kirkman,ckirkmanc2@answers.com,981-490-1783,3462 Meadow Vale Drive,Zaplavnoye,Russia,404609,842
436,Redd,Marling,rmarlingc3@feedburner.com,953-951-5461,4 Southridge Court,Velikiy Novgorod,Russia,173025,622
437,Aurthur,Ritelli,aritellic4@biblegateway.com,300-845-2992,806 Hintze Center,Timbuktu,Mali,,884
438,Gerhardt,Thing,gthingc5@angelfire.com,863-982-5995,8192 Loomis Lane,Chãos,Portugal,4690-805,441
439,Vida,Micallef,vmicallefc6@bloglovin.com,696-420-0241,3588 Morningstar Way,Jaša Tomić,Serbia,,540
440,Jonas,Merman,jmermanc7@wordpress.com,949-353-8935,985 Forest Run Way,Kajansi,Uganda,,310
441,Taddeusz,Gentiry,tgentiryc8@washington.edu,916-721-2265,99319 Killdeer Hill,Sacramento,United States,94273,102
442,Tamas,Duthie,tduthiec9@123-reg.co.uk,381-620-3107,78468 Evergreen Pass,Shi’ao,China,,531
443,Barri,Schiell,bschiellca@shutterfly.com,473-753-1010,0 Havey Terrace,São José de Ribamar,Brazil,65110-000,373
444,Shep,Heinreich,sheinreichcb@pbs.org,475-494-1081,78 Veith Circle,Manoel Urbano,Brazil,69950-000,998
445,Case,Purkess,cpurkesscc@apple.com,969-900-9323,7816 Evergreen Parkway,Kardamás,Greece,,292
446,Constantin,Beake,cbeakecd@stumbleupon.com,424-730-1621,7775 Hauk Court,Issy-les-Moulineaux,France,92787 CEDEX 9,106
447,Ezechiel,Tearle,etearlece@blog.com,721-744-7171,87 Laurel Point,Balong Wetan,Indonesia,,890
448,Raymond,Durant,rdurantcf@delicious.com,821-812-2340,47623 Hauk Place,Takeshiken,China,,610
449,Claude,Mac,cmaccg@boston.com,636-203-9396,10 Corben Circle,Fuming,China,,959
450,Chase,Palk,cpalkch@economist.com,623-618-1997,5 Arkansas Pass,Jianghai,China,,743
451,Jase,Partleton,jpartletonci@weather.com,204-352-0756,3 Brown Parkway,Porsgrunn,Norway,3996,788
452,Lindy,Cheater,lcheatercj@ed.gov,135-472-5437,144 Eagan Parkway,Puerto San José,Guatemala,05009,59
453,Junette,Singh,jsinghck@goo.gl,623-935-2446,27224 Jenna Lane,Sokol,Russia,347252,580
454,Mel,Rentcome,mrentcomecl@yolasite.com,647-727-7090,718 Sommers Street,Taoshan,China,,915
455,Barrie,Hindenburg,bhindenburgcm@skyrock.com,340-298-6359,720 Fulton Trail,Sinisian,Philippines,4212,62
456,Chris,Woodroffe,cwoodroffecn@uiuc.edu,499-208-7576,3 1st Parkway,Al Wuday‘,Yemen,,844
457,Wenda,Belhome,wbelhomeco@skype.com,726-280-9737,04 Loomis Center,Bridgetown,Barbados,,34
458,Arda,Mortell,amortellcp@dmoz.org,433-581-1031,4 Stoughton Way,Arbaoua,Morocco,,87
459,Jacintha,Hallihane,jhallihanecq@slashdot.org,494-360-1151,345 Transport Court,Bilo,Indonesia,,767
460,Zulema,McMenemy,zmcmenemycr@homestead.com,963-493-5010,5717 Clemons Pass,Akashi,Japan,950-0084,555
461,Lanae,Lindup,llindupcs@dailymail.co.uk,369-614-8083,674 Hansons Road,Bodzechów,Poland,27-420,91
462,Erda,Code,ecodect@facebook.com,801-440-4043,97296 Cascade Avenue,Neuilly-sur-Seine,France,92527 CEDEX,502
463,Arlie,L'oiseau,aloiseaucu@dailymail.co.uk,959-102-3566,518 Redwing Trail,Tangjiakou,China,,443
464,Faina,Pales,fpalescv@gnu.org,193-238-7846,3703 7th Court,Borūjen,Iran,,704
465,Claudell,Larsen,clarsencw@umich.edu,323-571-2643,30 Dakota Junction,Mufulira,Zambia,,310
466,Trevar,Schole,tscholecx@mail.ru,202-957-5288,3 Carpenter Trail,Okayama-shi,Japan,709-0844,82
467,Maisie,Constance,mconstancecy@earthlink.net,864-609-8609,43 Loeprich Avenue,Hinthada,Myanmar,,946
468,Kacy,Pattenden,kpattendencz@dell.com,848-792-6823,0 Transport Trail,Baiquan,China,,47
469,Urson,Wotton,uwottond0@usa.gov,275-496-5752,3 Riverside Parkway,Sambopinggir,Indonesia,,576
470,Olympe,Giovanazzi,ogiovanazzid1@businessweek.com,651-376-4830,08 Sycamore Alley,Jaboticabal,Brazil,14870-000,322
471,Alayne,Sorel,asoreld2@lulu.com,585-434-4796,54066 Fairview Parkway,Ngama,Chad,,924
472,Valene,Arnaud,varnaudd3@mozilla.com,604-343-2510,97 Saint Paul Hill,Sumuragung,Indonesia,,706
473,Shirlee,Montel,smonteld4@scientificamerican.com,836-914-4831,4048 Del Mar Place,Zeqin,China,,432
474,Orin,Whight,owhightd5@scribd.com,662-796-0001,40 Old Shore Park,Cabiguan,Philippines,1144,505
475,Shaina,Grote,sgroted6@histats.com,761-328-0568,3 Hanover Circle,Ransiki,Indonesia,,559
476,Idell,Warman,iwarmand7@friendfeed.com,534-957-6693,7 Tennessee Park,Xinfengjie,China,,48
477,Christophorus,Cutts,ccuttsd8@themeforest.net,139-894-7257,193 Main Place,Djohong,Cameroon,,225
478,Yurik,Michurin,ymichurind9@hatena.ne.jp,602-255-7483,201 Paget Hill,Potęgowo,Poland,76-230,22
479,Gabbie,Calcutt,gcalcuttda@gnu.org,513-240-7196,1 Superior Street,Cincinnati,United States,45254,409
480,Tasha,Anscombe,tanscombedb@themeforest.net,392-563-5561,6113 Northland Court,Las Sabanas,Nicaragua,,940
481,Rodrique,Lammin,rlammindc@csmonitor.com,266-336-3942,81 Stephen Place,Kamina,Democratic Republic of the Congo,,503
482,Therese,Christon,tchristondd@prweb.com,687-372-4531,65125 Myrtle Court,Zhouzai,China,,764
483,Sibel,Alban,salbande@gizmodo.com,405-622-1160,0618 Pankratz Lane,Tomaszów Mazowiecki,Poland,97-280,284
484,Heather,Geaveny,hgeavenydf@google.it,795-365-1915,3388 Barnett Pass,Turenki,Finland,14201,519
485,Rochelle,Dabney,rdabneydg@ifeng.com,334-664-6199,054 Kensington Street,Dean,United Kingdom,OX7,614
486,Meredithe,Woodruffe,mwoodruffedh@utexas.edu,603-141-5217,0189 Glacier Hill Place,Söderhamn,Sweden,826 86,105
487,Rhett,Adamo,radamodi@chicagotribune.com,316-293-7484,477 North Trail,Tournavista,Peru,,650
488,Edee,Chaters,echatersdj@chicagotribune.com,651-463-9563,39 Loftsgordon Plaza,Shaxi,China,,396
489,Reynold,Gritland,rgritlanddk@printfriendly.com,428-183-1041,582 Golf Course Avenue,Alor Setar,Malaysia,05672,667
490,Steve,Grimmert,sgrimmertdl@indiegogo.com,516-302-5875,8919 Colorado Plaza,Hicksville,United States,11854,254
491,Dagny,Woodwin,dwoodwindm@1688.com,269-960-8175,8318 Bluestem Drive,Chekmagush,Russia,452200,165
492,Storm,Dillingston,sdillingstondn@ucla.edu,223-354-4178,098 Springview Center,Nkpor,Nigeria,,567
493,Hall,McVie,hmcviedo@whitehouse.gov,294-363-4350,82 Algoma Trail,Farkhor,Tajikistan,,14
494,Jo-ann,Moreinu,jmoreinudp@theguardian.com,639-274-1271,37 Memorial Street,Houjie,China,,747
495,Zack,Abells,zabellsdq@phpbb.com,183-762-6701,96933 Ronald Regan Avenue,Infanta,Philippines,4336,69
496,Berenice,Climar,bclimardr@phoca.cz,416-319-8358,40460 Jay Point,Yuanquan,China,,283
497,Lynn,Colombier,lcolombierds@reverbnation.com,355-600-8330,68 Nancy Alley,Shuiyin,China,,993
498,Der,Deboy,ddeboydt@bloglines.com,540-742-9510,1373 Claremont Court,Koniaków,Poland,43-474,901
499,Kendra,Blasl,kblasldu@godaddy.com,490-595-9755,5 Jana Hill,Ajuy,Philippines,5012,49
500,Bail,Corrison,bcorrisondv@so-net.ne.jp,660-735-8815,6549 Maple Center,Guanyao,China,,402
501,Gertrudis,Bellerby,gbellerbydw@shop-pro.jp,884-677-4265,1166 Sachtjen Lane,Bendo,Indonesia,,790
502,Beaufort,Coult,bcoultdx@dyndns.org,753-869-2602,41 Tomscot Road,Bordeaux,France,33036 CEDEX,340
503,Pippo,Soeiro,psoeirody@cnet.com,383-829-7146,200 Commercial Drive,Plaju,Indonesia,,23
504,Donal,Nand,dnanddz@comsenz.com,871-510-4944,4 Ilene Place,Zhengji,China,,275
505,Karyn,Plunkett,kplunkette0@istockphoto.com,987-329-4113,5904 Bay Crossing,Nanhe,China,,730
506,Finley,Baldacchino,fbaldacchinoe1@japanpost.jp,466-525-7031,0504 Monica Parkway,Lalig,Philippines,4325,83
507,Sue,Gorriessen,sgorriessene2@cnet.com,381-904-5419,1692 Stone Corner Pass,San Ramón,Uruguay,,181
508,Tonye,Oseman,tosemane3@example.com,137-154-8406,28 Center Court,Tangwāni,Pakistan,79151,866
509,Ted,Le Blanc,tleblance4@umn.edu,503-421-8715,56 Blackbird Road,Labao,China,,453
510,Melva,Douglas,mdouglase5@hatena.ne.jp,222-916-3809,95 Londonderry Street,Francisco Villa,Mexico,89762,484
511,Annora,Bramer,abramere6@pbs.org,359-955-1805,81080 Kropf Way,Adelaide Mail Centre,Australia,5889,858
512,Lebbie,Anstiss,lanstisse7@alibaba.com,937-692-7249,73909 Eastwood Avenue,Ananea,Peru,,570
513,Brewster,McClancy,bmcclancye8@hubpages.com,682-708-8179,6937 Lotheville Court,Mahdia,Guyana,,132
514,Farrand,Merrison,fmerrisone9@bizjournals.com,434-723-4917,016 Moose Parkway,Ban Thai Tan,Thailand,14000,858
515,Hart,Longbone,hlongboneea@alibaba.com,525-982-1650,338 Lakeland Court,Shuanglu,China,,934
516,Lawrence,Sayer,lsayereb@yelp.com,298-690-1078,6 Armistice Hill,Fenglai,China,,463
517,Annora,Bergen,abergenec@uiuc.edu,219-101-6821,531 Hanover Center,Santiago,Mexico,54784,563
518,Helen-elizabeth,MacCurlye,hmaccurlyeed@cbslocal.com,708-764-0911,91914 Dovetail Pass,Kuala Lumpur,Malaysia,50490,468
519,Karin,Jantel,kjantelee@house.gov,109-132-4764,74405 Oriole Alley,Castlerea,Ireland,F45,441
520,Zedekiah,Fearney,zfearneyef@yahoo.com,254-929-6014,74 Emmet Hill,Waco,United States,76705,101
521,Emmet,Iowarch,eiowarcheg@bbb.org,533-571-9967,83139 Dakota Road,Saint-Jean-de-Monts,France,85164 CEDEX,652
522,D'arcy,Babe,dbabeeh@seattletimes.com,259-533-0392,82 Continental Circle,Baruta,Venezuela,,60
523,Manny,Howton,mhowtonei@cornell.edu,225-133-2846,25 Dwight Hill,Baton Rouge,United States,70820,997
524,Pate,Sanham,psanhamej@ask.com,365-715-5176,3 Oakridge Hill,Langensari,Indonesia,,9
525,Lottie,O'Cridigan,locridiganek@g.co,820-277-2062,35146 Susan Avenue,Kuching,Malaysia,93762,886
526,Vernor,Harborow,vharborowel@amazon.co.uk,871-113-1431,337 Glendale Circle,Xiachu,China,,954
527,Derward,Biss,dbissem@ucoz.com,410-226-6626,57 Atwood Hill,Longnawang,Indonesia,,516
528,Si,Yaxley,syaxleyen@amazon.co.uk,636-900-8097,514 Pond Terrace,Solosolo,Samoa,,768
529,Cherry,Keattch,ckeattcheo@nbcnews.com,590-681-0150,427 Myrtle Pass,Changnyeong,South Korea,,528
530,Hamilton,Vondrasek,hvondrasekep@godaddy.com,217-277-8393,27661 Bultman Pass,Bengras,Indonesia,,275
531,Sauncho,Giacomasso,sgiacomassoeq@chicagotribune.com,223-760-9509,1639 Oriole Avenue,Pingqiao,China,,654
532,Hesther,Mizzen,hmizzener@berkeley.edu,619-544-7432,97 Waywood Terrace,Ngembak,Indonesia,,452
533,Chryste,Ciotto,cciottoes@phoca.cz,777-886-1893,41 Merry Terrace,Maracha,Uganda,,624
534,Ronalda,Marston,rmarstonet@goodreads.com,807-662-5131,42 Delaware Junction,Paipa,Colombia,150449,309
535,Dianna,Daveran,ddaveraneu@mac.com,391-108-1188,9220 Pleasure Road,Jiazhuang,China,,937
536,Martelle,Sweet,msweetev@jalbum.net,883-157-0759,819 Arrowood Street,‘Irbīn,Syria,,315
537,Jess,White,jwhiteew@linkedin.com,733-222-6385,2038 Bunting Way,Dehui,China,,223
538,Samson,Yearne,syearneex@over-blog.com,464-665-5675,46 Rusk Center,Altan Emel,China,,439
539,Christan,Nurny,cnurnyey@thetimes.co.uk,928-825-2888,06 Susan Crossing,Melaka,Malaysia,75586,902
540,Gabey,Dendle,gdendleez@addtoany.com,777-965-7658,71292 Loeprich Crossing,Maundai,Indonesia,,758
541,Doralyn,Scowen,dscowenf0@arizona.edu,365-853-7847,80 8th Avenue,Desa Borogojol,Indonesia,,378
542,Alys,McKevany,amckevanyf1@acquirethisname.com,892-471-5819,4435 Dahle Lane,Guyangan,Indonesia,,638
543,Derron,Ricioppo,dricioppof2@java.com,583-192-2911,6669 Fair Oaks Trail,Sebulu,Indonesia,,723
544,Ciro,Cluckie,ccluckief3@dot.gov,597-787-0798,58102 Clove Circle,Ḩabābah,Yemen,,100
545,Paula,Stichall,pstichallf4@people.com.cn,991-238-6566,9 Talisman Terrace,Turochak,Russia,649140,243
546,Mitchel,Muzzlewhite,mmuzzlewhitef5@umich.edu,616-921-3986,06421 Surrey Trail,Sepanjang,Indonesia,,382
547,Letti,Premble,lpremblef6@amazon.co.jp,864-879-1991,31568 Petterle Circle,Skoghall,Sweden,663 30,497
548,Garrot,Dudden,gduddenf7@g.co,756-427-0635,1672 Hansons Avenue,Matamey,Niger,,214
549,Jazmin,Tatlock,jtatlockf8@phoca.cz,711-260-4451,058 Cambridge Park,Kozel’shchyna,Ukraine,,64
550,Karel,Denham,kdenhamf9@tripod.com,613-651-4160,35246 Eastlawn Road,Eskilstuna,Sweden,633 47,527
551,Jason,Whiteson,jwhitesonfa@w3.org,114-654-3257,8572 Fairview Terrace,Frankfurt am Main,Germany,60435,498
552,Alecia,Blatcher,ablatcherfb@nps.gov,102-176-9371,92324 Reinke Road,Hikari,Japan,840-0033,441
553,Leia,Algore,lalgorefc@dot.gov,272-705-8173,3383 Macpherson Place,Mērsrags,Latvia,,877
554,Mathilde,Iseton,misetonfd@stumbleupon.com,720-418-3452,83 Blue Bill Park Drive,Zandak,Russia,368160,115
555,Gilbertine,Ashurst,gashurstfe@elpais.com,897-957-7578,50 Esch Plaza,Mamedkala,Russia,368628,810
556,Trudie,Elford,telfordff@live.com,169-452-1212,772 4th Pass,Garang,China,,418
557,Brewer,Luckwell,bluckwellfg@harvard.edu,826-953-4929,16 Prairieview Point,Koszęcin,Poland,42-286,894
558,Imogen,O'Sherin,iosherinfh@nba.com,972-640-5724,900 Ludington Park,Além Paraíba,Brazil,36660-000,630
559,Giulietta,Quare,gquarefi@facebook.com,802-350-5408,0 Mendota Street,Medina Estates,Ghana,,368
560,Christen,Finney,cfinneyfj@umn.edu,214-539-0148,02 Prentice Center,Ábidos,Brazil,75620-000,839
561,Trace,Sergison,tsergisonfk@cloudflare.com,584-248-7055,4 Maywood Point,Gaocun,China,,276
562,Jeremiah,Ren,jrenfl@domainmarket.com,175-878-0367,2618 Fairfield Point,San Benito,Guatemala,17003,433
563,Mordecai,Raithmill,mraithmillfm@census.gov,628-549-5037,78 Carberry Parkway,Hoboksar,China,,276
564,Sutherland,Stonier,sstonierfn@census.gov,351-158-2439,9 Hooker Pass,Greenville,Liberia,,350
565,Bard,Yarham,byarhamfo@ca.gov,724-464-8422,2294 Straubel Drive,Lille,France,59715 CEDEX 9,225
566,Faber,Huchot,fhuchotfp@instagram.com,958-198-0540,959 Fairview Street,Khorosheve,Ukraine,,216
567,Danica,Sacker,dsackerfq@dedecms.com,328-452-0289,762 Birchwood Alley,Andradina,Brazil,16900-000,663
568,Brigit,O'Kelly,bokellyfr@berkeley.edu,546-937-5993,15406 Dottie Way,Tarangnan,Philippines,6704,295
569,Marylynne,Fattore,mfattorefs@indiegogo.com,679-344-6074,57 Mcguire Trail,Semanding Barat,Indonesia,,270
570,Siusan,Haughan,shaughanft@skyrock.com,301-727-8049,23 Towne Trail,Sezimovo Ústí,Czech Republic,391 02,528
571,Linell,Najera,lnajerafu@chron.com,677-549-5502,366 Logan Junction,Lindavista,Mexico,29557,373
572,Ignazio,Tomasoni,itomasonifv@fastcompany.com,163-491-0711,52032 Scott Place,Karavan,Kyrgyzstan,,321
573,Cal,Gitsham,cgitshamfw@timesonline.co.uk,645-743-5444,8 Twin Pines Hill,Cuenca,Ecuador,,873
574,Ansley,Oxbrow,aoxbrowfx@about.com,848-798-8726,1 Caliangt Point,Paccha,Peru,,200
575,Nady,McRill,nmcrillfy@rambler.ru,913-332-6564,34 Center Avenue,Wushishi,Nigeria,,914
576,Eva,Penson,epensonfz@themeforest.net,698-770-2681,17376 Pleasure Crossing,Delgerhaan,Mongolia,,525
577,Wendel,Braznell,wbraznellg0@1und1.de,968-233-7930,23638 Stoughton Pass,Sabanalarga,Colombia,855058,387
578,Maurene,Tremmil,mtremmilg1@artisteer.com,677-629-8869,6612 Mesta Trail,Nakhon Ratchasima,Thailand,31110,715
579,Garold,Kleinhaut,gkleinhautg2@umn.edu,105-758-2949,45 Manufacturers Road,Barotac Viejo,Philippines,8611,294
580,Joan,Flacknoe,jflacknoeg3@sohu.com,222-376-5845,752 Arrowood Avenue,Berbérati,Central African Republic,,981
581,Leanor,Agerskow,lagerskowg4@oaic.gov.au,935-905-0531,18081 Crest Line Road,Mitsukaidō,Japan,306-0614,178
582,Alphonse,Kingscott,akingscottg5@usgs.gov,744-869-6306,2 Grasskamp Street,Riyom,Nigeria,,979
583,Afton,Hellwig,ahellwigg6@vimeo.com,687-621-0460,99357 Upham Center,Marabá,Brazil,68500-000,318
584,Jacquenetta,Stanyforth,jstanyforthg7@eventbrite.com,927-943-5379,81 Killdeer Park,Bunder,Indonesia,,331
585,Eberto,Blunsum,eblunsumg8@addtoany.com,361-248-5900,074 Sunnyside Crossing,Balaoang,Philippines,2509,699
586,Renado,Kitteman,rkittemang9@nymag.com,930-942-8825,09 Heffernan Avenue,Solčava,Slovenia,3335,541
587,Moselle,Kingsley,mkingsleyga@nsw.gov.au,759-993-7246,2309 Melvin Park,Spas-Klepiki,Russia,391030,24
588,Kalil,Couser,kcousergb@fc2.com,223-222-7804,4642 Scofield Road,Skrwilno,Poland,87-510,594
589,Ferrel,Marklund,fmarklundgc@tripod.com,189-553-1990,771 Lotheville Place,Gangu Chengguanzhen,China,,181
590,Aileen,Ironside,aironsidegd@vkontakte.ru,360-645-8350,236 Arizona Crossing,Shigu,China,,548
591,Cheryl,Exer,cexerge@edublogs.org,747-484-9182,21 Northport Park,Mâcon,France,71024 CEDEX 9,794
592,Morey,Legat,mlegatgf@altervista.org,568-961-2154,72677 Nancy Junction,Vila Moreira,Portugal,2380-638,398
593,Cornelle,Bedberry,cbedberrygg@theglobeandmail.com,201-743-5191,1 Gina Street,Zhouyuan,China,,291
594,Erasmus,Mapowder,emapowdergh@huffingtonpost.com,849-986-8212,84 Kensington Plaza,Sulmierzyce,Poland,98-338,926
595,Kalinda,Harker,kharkergi@nba.com,695-600-4338,4715 Reindahl Court,Fómeque,Colombia,251607,636
596,Elianora,Ganford,eganfordgj@nymag.com,667-192-3615,1 Oak Valley Street,Fuxing,China,,438
597,Anetta,Zannelli,azannelligk@barnesandnoble.com,225-721-8838,96 Reinke Parkway,Baton Rouge,United States,70826,171
598,Bill,Facchini,bfacchinigl@ucla.edu,196-113-7801,8 3rd Trail,Naqadeh,Iran,,278
599,Shandee,Dikles,sdiklesgm@examiner.com,172-147-2384,636 Leroy Street,Isperikh,Bulgaria,7447,352
600,Rosalind,Cupitt,rcupittgn@businessinsider.com,723-572-8705,7183 Express Terrace,Wangbuzhuang,China,,580
601,Edi,Fitzackerley,efitzackerleygo@java.com,407-150-1143,4404 Corben Trail,Tamontaka,Philippines,9708,279
602,Daven,Gow,dgowgp@rakuten.co.jp,897-799-5235,84 Brickson Park Hill,Tungguwaneng,Indonesia,,830
603,Constance,Shapira,cshapiragq@cnet.com,106-835-5099,676 Huxley Junction,Xiangshun,China,,777
604,Rubi,Losseljong,rlosseljonggr@exblog.jp,322-889-3987,0438 Sachs Plaza,Meijiahe,China,,361
605,Meghann,Grabb,mgrabbgs@webmd.com,920-248-8150,3 North Hill,Ash Sharyah,Yemen,,557
606,Hercule,Uman,humangt@bloglovin.com,879-565-3977,3972 Anderson Trail,San Buenaventura,Peru,,21
607,Marys,Simeons,msimeonsgu@google.com.au,308-458-2232,0 Hanover Crossing,Kalangbret,Indonesia,,630
608,Harrie,Fishlock,hfishlockgv@delicious.com,755-218-9597,00 Granby Parkway,Candelaria,Philippines,4323,767
609,Fitz,Lalonde,flalondegw@dailymail.co.uk,193-946-6008,1880 Summer Ridge Street,Hampang,Indonesia,,345
610,Karlotta,Uttermare,kuttermaregx@parallels.com,300-389-0413,3455 Menomonie Terrace,Gogosuket,Indonesia,,776
611,Dotti,Eastmead,deastmeadgy@nyu.edu,324-204-9147,636 Springview Drive,Sietesz,Poland,37-206,288
612,Ashlie,Bernon,abernongz@apache.org,275-759-8014,908 Westerfield Trail,Kargasok,Russia,636708,975
613,Danica,Nattriss,dnattrissh0@seesaa.net,316-104-6755,0 Thompson Pass,Timbulsari,Indonesia,,476
614,Aurelea,Goult,agoulth1@networksolutions.com,242-533-0717,30379 Boyd Way,Ballisodare,Ireland,E45,866
615,Rorie,Dillestone,rdillestoneh2@nymag.com,414-126-1309,1 Nelson Terrace,Lomboy,Philippines,1126,945
616,Wynn,Raeside,wraesideh3@1und1.de,773-272-3326,338 Troy Plaza,Media Luna,Cuba,,957
617,Kenyon,Tousy,ktousyh4@diigo.com,247-768-4630,524 School Court,Nungga,Indonesia,,247
618,Olva,Heigold,oheigoldh5@google.nl,605-577-4598,316 Dakota Park,Casais Brancos,Portugal,2525-234,644
619,Willy,Reidshaw,wreidshawh6@xrea.com,719-798-0399,735 Village Plaza,Buniaga,Indonesia,,761
620,Erl,Evequot,eevequoth7@youku.com,714-171-2227,35 Sunbrook Parkway,Dowlatyār,Afghanistan,,549
621,Berky,Brotherhood,bbrotherhoodh8@prweb.com,756-477-2859,59349 Clove Crossing,Jawand,Afghanistan,,595
622,Turner,Cruttenden,tcruttendenh9@fastcompany.com,153-348-5737,43 Coolidge Pass,Biga,Philippines,7031,83
623,Brigitte,Roper,broperha@sourceforge.net,406-138-5330,264 Armistice Junction,Gonzalo Pizarro,Ecuador,,492
624,Maxi,Barajaz,mbarajazhb@over-blog.com,724-267-6060,3567 1st Point,Campoverde,Peru,,101
625,Duffie,Weed,dweedhc@parallels.com,420-944-2314,6 Bluejay Pass,Gaotang,China,,201
626,Berton,Pickin,bpickinhd@csmonitor.com,467-433-0900,4 Dawn Hill,Sentul,Indonesia,,291
627,Nicoli,Petrowsky,npetrowskyhe@adobe.com,232-722-5867,64697 Algoma Street,Sintra,Portugal,2710-200,704
628,Cordy,Brack,cbrackhf@wisc.edu,408-418-5925,6091 Old Gate Plaza,Batanghari,Indonesia,,461
629,Patti,Dumbare,pdumbarehg@princeton.edu,431-361-8076,380 Corben Hill,Sainte-Agathe-des-Monts,Canada,J8C,945
630,Fidelio,Oppery,fopperyhh@sun.com,166-262-8724,8240 Sommers Point,Isesaki,Japan,321-4342,465
631,Jourdan,Rispin,jrispinhi@hugedomains.com,498-217-5081,8294 Twin Pines Avenue,Vose’,Tajikistan,,882
632,Marius,Langton,mlangtonhj@hugedomains.com,338-755-0484,2 Oak Circle,Strawczyn,Poland,26-067,789
633,Rosina,State,rstatehk@shinystat.com,923-978-6784,53001 Susan Park,Toktogul,Kyrgyzstan,,594
634,Drusilla,Glaserman,dglasermanhl@hatena.ne.jp,636-488-2914,14316 Summer Ridge Circle,Murça,Portugal,5155-505,827
635,Falito,Wyldes,fwyldeshm@dailymotion.com,978-364-4506,804 Novick Plaza,Tandou,China,,800
636,Valentin,Kroll,vkrollhn@amazon.com,151-186-0317,3789 Larry Road,Sandu,China,,764
637,Enrique,Bass,ebassho@cornell.edu,993-546-2748,7661 Texas Street,Saratak,Armenia,,673
638,Alanna,Marsden,amarsdenhp@theglobeandmail.com,742-226-0369,6596 Anniversary Road,Jiangqiao,China,,970
639,Freddy,McMeeking,fmcmeekinghq@toplist.cz,858-266-9573,7016 Vahlen Circle,Priyutovo,Russia,452189,266
640,Kaine,Cristol,kcristolhr@simplemachines.org,472-975-0667,700 Lillian Terrace,Diez de Octubre,Cuba,,382
641,Klarika,Rolstone,krolstonehs@sciencedaily.com,253-704-8565,7 Mayer Center,Na Yong,Thailand,92170,52
642,Hettie,Prichet,hprichetht@elpais.com,993-299-2559,00 Jana Alley,Estefania,Philippines,3505,875
643,Trevor,Lipman,tlipmanhu@eepurl.com,992-891-7727,5753 Russell Point,"Coruña, A",Spain,15190,651
644,Terri,Pennini,tpenninihv@shareasale.com,760-377-7397,2874 Lien Road,Cangkeuteuk Sabrang,Indonesia,,206
645,Collette,Dulieu,cdulieuhw@weibo.com,520-866-5514,9 Sauthoff Pass,Mae Ramat,Thailand,63140,286
646,Alejoa,Aliberti,aalibertihx@live.com,277-499-7893,9485 Mayer Terrace,Liudaogou,China,,515
647,Loella,Wozencraft,lwozencrafthy@vimeo.com,276-370-9660,5 Anhalt Way,Alameda,Mexico,45630,286
648,Ferdinande,Romei,fromeihz@nifty.com,354-353-5423,14249 Linden Center,Hujiaying,China,,982
649,Arlene,Conway,aconwayi0@tamu.edu,513-476-5047,838 Sutherland Parkway,Al Fujayrah,United Arab Emirates,,59
650,Stinky,Tysall,stysalli1@dailymail.co.uk,214-918-7889,1655 Garrison Pass,Thạnh Mỹ,Vietnam,,842
651,Aggie,Hurdwell,ahurdwelli2@yelp.com,744-302-6902,1284 Jenna Street,Krasne,Ukraine,,549
652,Regine,Mackrill,rmackrilli3@msu.edu,646-720-6768,78033 Manley Crossing,Bafatá,Guinea-Bissau,,115
653,Denise,Jarville,djarvillei4@reuters.com,693-559-0795,52 Pine View Drive,Pérez,Argentina,2121,947
654,Lilyan,Nano,lnanoi5@cmu.edu,959-288-7626,03891 Buell Alley,Zhanghekou,China,,993
655,Simonne,Teresi,steresii6@gravatar.com,656-516-8817,96 Maywood Parkway,Votuporanga,Brazil,15500-000,937
656,Shell,Veck,svecki7@exblog.jp,188-526-5543,8689 Myrtle Point,Qadsīyā,Syria,,460
657,Paulie,Thistleton,pthistletoni8@guardian.co.uk,586-316-9210,5 Maple Alley,Stavanger,Norway,4005,100
658,Arlene,Chesswas,achesswasi9@amazon.de,955-697-6169,82297 Rutledge Pass,Prigrevica,Serbia,,53
659,Jorgan,Grisedale,jgrisedaleia@senate.gov,376-745-8984,0429 Prairie Rose Street,Sadkowice,Poland,96-206,868
660,Webster,Briatt,wbriattib@mac.com,461-838-0429,0 Spaight Pass,Tournai,Belgium,7504,223
661,Carlo,Blackmore,cblackmoreic@creativecommons.org,435-901-8838,7448 Riverside Place,Kebonagung,Indonesia,,580
662,Max,Raftery,mrafteryid@shinystat.com,834-999-0747,4 Dapin Point,Lavezares,Philippines,6404,703
663,Thorin,Piddletown,tpiddletownie@npr.org,426-232-2560,1441 Acker Junction,Bothaville,South Africa,9663,497
664,Katya,Le Floch,kleflochif@geocities.com,213-888-2704,0 Scott Terrace,Ayia Napa,Cyprus,,308
665,Jeromy,Diment,jdimentig@imageshack.us,477-181-6031,20002 Darwin Point,Yucheng,China,,708
666,Kenon,Lamburn,klamburnih@guardian.co.uk,462-189-7008,57255 Waywood Lane,Markovo,Russia,666779,175
667,Domenic,Mathan,dmathanii@reverbnation.com,801-956-4102,293 Merchant Circle,Hinigaran,Philippines,4026,544
668,Anitra,Szymanek,aszymanekij@archive.org,316-702-6921,209 Atwood Hill,Mulong,China,,300
669,Don,Chazotte,dchazotteik@youtu.be,737-180-8248,99550 Manufacturers Trail,Huanghuai,China,,618
670,Becki,O'Corhane,bocorhaneil@amazon.co.uk,612-655-3097,8 Sugar Avenue,Krajan,Indonesia,,265
671,Tamra,Shalders,tshaldersim@123-reg.co.uk,596-860-1116,47818 Fulton Way,Saki,Nigeria,,903
672,Arluene,Marple,amarplein@slate.com,758-699-8237,345 Eastwood Park,Ma’an,China,,425
673,Killy,Beere,kbeereio@google.cn,210-263-4484,128 Prentice Terrace,Qi’an,China,,58
674,Daria,Egiloff,degiloffip@bbc.co.uk,714-670-3179,05310 Sycamore Drive,Nabire,Indonesia,,259
675,Ardelis,Jallin,ajalliniq@twitter.com,828-839-3225,0991 Fordem Drive,Qelëz,Albania,,860
676,Cullin,Sheryn,csherynir@creativecommons.org,801-103-8479,880 Nova Lane,San José de Feliciano,Argentina,3187,148
677,Fredia,Weiner,fweineris@opera.com,836-103-4863,9 Union Parkway,Wakduwa’ Barat,Indonesia,,130
678,Nadia,Littlefair,nlittlefairit@amazon.de,688-415-6163,1532 Montana Alley,Naranjal,Ecuador,,306
679,Justino,Vyse,jvyseiu@auda.org.au,295-772-5846,05612 Steensland Avenue,La Goulette,Tunisia,,662
680,Henderson,Larking,hlarkingiv@fotki.com,477-109-7828,22 Pine View Way,Taytayan,Philippines,1470,27
681,Karlyn,Royste,kroysteiw@discuz.net,104-137-8073,71 Northview Way,Santa Ignacia,Philippines,2303,144
682,Barnie,Stockley,bstockleyix@jimdo.com,859-602-3365,491 Banding Trail,Jönköping,Sweden,551 84,292
683,Kamilah,Coultass,kcoultassiy@cbc.ca,649-846-5953,7985 Riverside Court,Xintang,China,,827
684,Tulley,O'Hegertie,tohegertieiz@narod.ru,968-719-6155,266 Pleasure Trail,Bagarmossen,Sweden,128 48,465
685,Constanta,Kaye,ckayej0@dell.com,179-631-7905,879 Wayridge Way,Dhangarhi,Nepal,,451
686,Alane,Kezourec,akezourecj1@shop-pro.jp,567-574-2655,23404 Merry Avenue,Alcabideche,Portugal,2645-024,888
687,Jolynn,Kirton,jkirtonj2@cnn.com,376-823-7177,7 Bunker Hill Parkway,Payao,Philippines,7008,71
688,Ellissa,Deeks,edeeksj3@twitpic.com,679-796-4107,41318 Harper Trail,Orong,Indonesia,,926
689,Ricard,Boobier,rboobierj4@reference.com,293-835-6731,88574 Grayhawk Center,Água de Pau,Portugal,9560-205,737
690,Lotty,Franzman,lfranzmanj5@geocities.com,378-233-1825,0891 Merry Place,Burirao,Philippines,9222,104
691,Tull,Idel,tidelj6@marketwatch.com,522-471-0642,462 Johnson Circle,Capalonga,Philippines,4607,250
692,Dora,O'Keefe,dokeefej7@timesonline.co.uk,210-234-7200,798 Anderson Point,Gävle,Sweden,802 66,593
693,Jasper,Esland,jeslandj8@usgs.gov,273-594-8833,29705 Superior Road,Purranque,Chile,,303
694,Jock,Olufsen,jolufsenj9@hud.gov,568-954-0182,7 Fremont Park,Xiaoshi,China,,588
695,Lyle,Eyckelberg,leyckelbergja@umich.edu,910-717-8527,480 Westerfield Road,Blainville,Canada,J7J,184
696,Jyoti,Emmert,jemmertjb@ft.com,168-238-1273,505 Green Ridge Avenue,Lobitos,Peru,,233
697,Jenica,Dewer,jdewerjc@xrea.com,227-197-8425,741 Warrior Pass,Dalinhe,China,,168
698,Jay,Bracegirdle,jbracegirdlejd@smugmug.com,677-538-8622,34 Shopko Circle,Xialiao,China,,239
699,Henryetta,Dorow,hdorowje@virginia.edu,489-939-6234,0084 Namekagon Place,Kanungu,Uganda,,183
700,Tomaso,Hilhouse,thilhousejf@woothemes.com,184-443-2856,17 Atwood Alley,Tsuma,Japan,881-0033,68
701,Candace,Boldecke,cboldeckejg@posterous.com,474-101-3419,52 High Crossing Hill,Bungkulan,Indonesia,,9
702,Beatriz,Harverson,bharversonjh@360.cn,284-484-7108,7 Melrose Park,Malanów,Poland,62-709,133
703,Janette,Kesley,jkesleyji@npr.org,492-396-5829,9 Morningstar Park,Malakhovka,Russia,391846,78
704,Arleyne,Mallion,amallionjj@icio.us,522-788-1980,78118 Arkansas Parkway,Bang Phlat,Thailand,11130,878
705,Aeriell,Haslock,ahaslockjk@netlog.com,670-882-2284,330 Fairfield Street,Saraktash,Russia,462159,122
706,Granger,Cotesford,gcotesfordjl@soup.io,927-457-0721,094 Harbort Hill,Catac,Peru,,217
707,Glen,Smye,gsmyejm@tiny.cc,825-415-5741,9175 Upham Parkway,Rūdiškės,Lithuania,21016,276
708,Lionello,Bromage,lbromagejn@bandcamp.com,521-468-1144,5 International Park,Kendal,Indonesia,,25
709,Murdock,Seilmann,mseilmannjo@amazon.com,947-887-4676,210 Bonner Trail,Bogovarovo,Russia,157780,607
710,Pearla,Entwhistle,pentwhistlejp@hhs.gov,590-168-6033,38 Sunnyside Center,Hongmen,China,,591
711,Benny,Brightwell,bbrightwelljq@europa.eu,251-443-6305,268 Darwin Crossing,Radziszów,Poland,32-052,578
712,Harley,Gauld,hgauldjr@kickstarter.com,833-768-1002,73 Roth Court,Pesagen,Indonesia,,11
713,Catie,Twell,ctwelljs@ft.com,267-939-3271,276 Dorton Avenue,Yilan,Taiwan,,857
714,Seumas,Galiford,sgalifordjt@gizmodo.com,822-551-0576,56 Texas Circle,Momignies,Belgium,6594,191
715,Enrica,Ord,eordju@icq.com,396-617-8760,5 Shoshone Court,Kasulu,Tanzania,,14
716,Salvatore,Lowdham,slowdhamjv@tamu.edu,545-113-7339,995 Luster Avenue,Rossosh’,Russia,652672,439
717,Davey,Dodsley,ddodsleyjw@ftc.gov,962-697-0523,280 Nova Trail,Kousa,Egypt,,246
718,Roze,Stuck,rstuckjx@xrea.com,746-125-2226,39768 Vahlen Parkway,Fareydūnshahr,Iran,,858
719,Corenda,Kenryd,ckenrydjy@icq.com,219-591-5081,30 Susan Street,Ourinhos,Brazil,19900-000,204
720,Zelda,Brunner,zbrunnerjz@naver.com,622-616-5617,97781 Oxford Alley,Comrat,Moldova,MD-5354,653
721,Aldridge,Kearney,akearneyk0@telegraph.co.uk,139-472-4737,6 Sullivan Center,Serra Negra,Brazil,13930-000,35
722,Osbert,Mulrooney,omulrooneyk1@mayoclinic.com,146-599-6418,12 Atwood Hill,Silvares,Portugal,6230-636,403
723,Si,Meneux,smeneuxk2@dmoz.org,699-246-1297,8 Holmberg Park,Lamut,Philippines,3605,415
724,Seline,Houseley,shouseleyk3@infoseek.co.jp,909-593-5814,82 Superior Trail,Drakino,Russia,397943,109
725,Kiri,Drakes,kdrakesk4@bigcartel.com,126-596-2214,34 Knutson Parkway,Paris 01,France,75032 CEDEX 01,579
726,Delmer,Le Provost,dleprovostk5@etsy.com,189-594-0558,418 Schurz Park,Taltal,Philippines,6715,251
727,Moses,Dict,mdictk6@phpbb.com,437-697-7547,91 Fordem Park,Salor,Uzbekistan,,727
728,Nate,Cecely,ncecelyk7@myspace.com,518-128-9630,34594 Bayside Point,Valladolid,Spain,47071,849
729,Benedikta,Foottit,bfoottitk8@storify.com,792-984-7633,5 Chive Avenue,Ōkawa,Japan,840-2105,762
730,Gabriele,Bielfeldt,gbielfeldtk9@forbes.com,178-536-4470,5648 Schmedeman Street,Argir,Faroe Islands,165,840
731,Egan,Ivett,eivettka@t.co,408-714-2332,63822 Holy Cross Avenue,Pieniężno,Poland,14-520,214
732,Ian,MacAlester,imacalesterkb@sakura.ne.jp,799-609-3902,18765 Mesta Street,Salam,Indonesia,,203
733,Monica,Bolwell,mbolwellkc@aol.com,962-225-1073,23943 Union Court,Matmata,Morocco,,973
734,Les,Sacks,lsackskd@bbb.org,646-282-5102,42202 Buena Vista Crossing,Staroyur’yevo,Russia,442050,265
735,Missy,Dearsley,mdearsleyke@cyberchimps.com,415-932-6186,00834 Farragut Street,Leuwidamar,Indonesia,,229
736,Barry,Haughton,bhaughtonkf@csmonitor.com,675-948-2029,212 Mosinee Circle,Dayuan,China,,697
737,Lynde,Edsell,ledsellkg@yahoo.com,130-417-6966,93563 Carioca Center,Grande Prairie,Canada,R3J,495
738,Lavinie,Tolhurst,ltolhurstkh@tumblr.com,294-504-6657,317 6th Place,Lewolere,Indonesia,,593
739,Carmina,Mordey,cmordeyki@sohu.com,780-951-8956,415 Springs Alley,Tsowkêy,Afghanistan,,625
740,Doll,Gennings,dgenningskj@nba.com,776-962-5733,959 1st Trail,Moinhos,Portugal,4610-695,640
741,Antonino,Ewebank,aewebankkk@vinaora.com,467-481-4787,0235 Waxwing Center,Minzheng,China,,598
742,Leontine,Iwaszkiewicz,liwaszkiewiczkl@marketwatch.com,704-934-1793,02877 2nd Point,Charlotte,United States,28235,149
743,Sigmund,Brenston,sbrenstonkm@irs.gov,719-182-9769,34546 Elmside Hill,Roshal’,Russia,140732,774
744,Elysee,Linsley,elinsleykn@hugedomains.com,847-847-9746,19243 Tony Drive,Itaperuna,Brazil,28300-000,791
745,Merrielle,Nezey,mnezeyko@latimes.com,614-798-0876,7030 Springs Park,Shuitian,China,,975
746,Ashley,Gravell,agravellkp@jiathis.com,323-316-4079,0055 7th Drive,Bayart Huxu,China,,476
747,Madel,Kelf,mkelfkq@hibu.com,713-995-5291,2980 Arkansas Center,Banjar Petak,Indonesia,,98
748,Levi,Kingsland,lkingslandkr@alexa.com,667-516-2159,7944 Ruskin Parkway,Huancheng,China,,389
749,Janaya,Chuck,jchuckks@topsy.com,156-254-5085,57 Brickson Park Court,Haguenau,France,67504 CEDEX,593
750,Ned,Marquot,nmarquotkt@dot.gov,314-328-3592,45564 Dottie Street,Woshui,China,,538
751,Rhys,Fishbourn,rfishbournku@loc.gov,313-647-1067,0540 Artisan Court,Fornos de Algodres,Portugal,6370-105,89
752,Raynor,Kuhl,rkuhlkv@google.it,379-832-8491,264 Bay Center,Gayam,Indonesia,,258
753,Bowie,Commusso,bcommussokw@nasa.gov,642-791-9220,3 Southridge Trail,Lubuagan,Philippines,3802,856
754,Lou,Jeffels,ljeffelskx@wikipedia.org,383-691-7864,03260 Nelson Street,Xicun,China,,641
755,Danya,Iorns,diornsky@behance.net,274-913-1164,79 Manley Park,Xianghua,China,,390
756,Dallis,Moneypenny,dmoneypennykz@hp.com,734-642-4387,94781 Grim Trail,Nowy Tomyśl,Poland,64-300,844
757,Linda,Dmitrienko,ldmitrienkol0@admin.ch,917-244-8944,4604 Crescent Oaks Trail,Popayán,Colombia,190018,493
758,Felice,Jenicke,fjenickel1@fema.gov,757-894-1591,58 Fulton Street,Fuvahmulah,Maldives,,311
759,Lynelle,Zohrer,lzohrerl2@ocn.ne.jp,925-883-3247,72916 International Crossing,Chamalières,France,63409 CEDEX,127
760,Ripley,Dartnell,rdartnelll3@cnn.com,799-521-9057,6232 Delaware Pass,Myhiya,Ukraine,,608
761,Derry,Quayle,dquaylel4@friendfeed.com,772-166-6538,638 Buena Vista Lane,Energeticheskiy,Kazakhstan,,109
762,Mario,Hegerty,mhegertyl5@odnoklassniki.ru,832-686-8784,12 High Crossing Parkway,Trnovlje pri Celju,Slovenia,3215,432
763,Brittan,Happer,bhapperl6@mozilla.org,414-527-6237,803 Golf Course Park,Sukadana,Indonesia,,870
764,Germaine,Merriott,gmerriottl7@mtv.com,202-779-5511,9308 Dunning Trail,Chekmagush,Russia,452200,783
765,Corly,Dene,cdenel8@bbb.org,624-545-9473,3 Shasta Crossing,Kotablolong,Indonesia,,552
766,Falkner,Garn,fgarnl9@desdev.cn,174-686-3512,78 Randy Pass,Pushkin,Russia,196627,539
767,Samuel,Eddowes,seddowesla@dagondesign.com,998-442-3513,1932 Veith Parkway,Wenhe,China,,785
768,Doroteya,Foord,dfoordlb@google.es,390-632-8437,149 Quincy Point,Panggungrejo,Indonesia,,32
769,Ronni,Willard,rwillardlc@weibo.com,880-721-5201,4 Monument Point,Novokhovrino,Russia,141707,161
770,Kattie,Purvey,kpurveyld@histats.com,994-756-6804,6065 Delladonna Way,Desa Kertasari,Indonesia,,186
771,Templeton,Jickles,tjicklesle@rakuten.co.jp,218-301-4053,371 Lakewood Center,El Aguacate,Mexico,40687,220
772,Terese,Elby,telbylf@zdnet.com,543-556-6551,661 Del Mar Street,Khorramābād,Iran,,122
773,Esmeralda,Coventry,ecoventrylg@dell.com,901-909-0417,9152 Stang Point,Hubei,China,,952
774,Marylin,Rotherham,mrotherhamlh@studiopress.com,418-554-7915,92074 Caliangt Hill,Malabago,Philippines,2419,324
775,Guglielmo,Benes,gbenesli@google.ru,254-945-7151,6 Welch Hill,Perovo,Russia,453002,76
776,Elbertine,Knewstubb,eknewstubblj@redcross.org,213-962-2707,4784 Tomscot Drive,Lindi,Tanzania,,231
777,Westley,Figgs,wfiggslk@mozilla.org,575-153-0853,36729 Melrose Center,Bieliny,Poland,00-458,593
778,Grazia,Whotton,gwhottonll@auda.org.au,883-802-1622,45073 1st Center,Qal‘at Bīshah,Saudi Arabia,,6
779,Welch,Burth,wburthlm@tiny.cc,585-315-8808,78 Hallows Parkway,Menglie,China,,442
780,Iosep,Cullen,icullenln@cisco.com,222-501-1084,831 Melby Court,Covão,Portugal,3230-228,695
781,Philomena,Gerger,pgergerlo@pbs.org,647-872-8753,26525 Jenna Pass,Yekimovichi,Russia,216533,761
782,Jaine,Greggs,jgreggslp@usnews.com,656-220-0960,4 Dryden Hill,Huanggang,China,,201
783,Jerrie,Puttnam,jputtnamlq@last.fm,631-311-5485,63134 Carioca Center,Alaghsas,Niger,,713
784,Mikey,Auston,maustonlr@rediff.com,821-676-8197,4 Sunfield Parkway,Gunungpeundeuy,Indonesia,,762
785,Bail,Gawkes,bgawkesls@chronoengine.com,442-537-9584,7268 Orin Hill,Kotabumi,Indonesia,,169
786,Berton,Sommerling,bsommerlinglt@mediafire.com,120-485-5737,6101 Kropf Park,Caohe,China,,573
787,Becca,Breacher,bbreacherlu@ca.gov,348-942-5817,376 Golf Way,Chahe,China,,465
788,Gillian,Leban,glebanlv@goodreads.com,767-318-3928,29345 Acker Drive,Paobokol,Indonesia,,132
789,Esma,Cottier,ecottierlw@unblog.fr,299-828-5804,22 Monica Trail,Pyay,Myanmar,,710
790,Giovanna,Lammas,glammaslx@infoseek.co.jp,104-941-6135,862 Russell Center,Gulonggang,China,,320
791,Joanie,Deekes,jdeekesly@usnews.com,593-456-4941,63 Superior Avenue,Parung,Indonesia,,288
792,Roderick,Biddlestone,rbiddlestonelz@webs.com,858-761-9713,4294 Schlimgen Road,Lima Pampa,Peru,,620
793,Brandtr,Mougin,bmouginm0@reverbnation.com,454-346-9808,4 Chive Pass,Humniska,Poland,36-206,56
794,Elvin,Biesty,ebiestym1@mediafire.com,882-752-4091,2628 Talmadge Trail,Guabito,Panama,,816
795,Katharine,Birdall,kbirdallm2@biglobe.ne.jp,537-608-7440,60990 Laurel Center,Majalengka,Indonesia,,557
796,Florette,Chape,fchapem3@uol.com.br,853-294-3411,88127 Maryland Trail,Caldas Novas,Brazil,75690-000,716
797,Teresa,Maund,tmaundm4@fc2.com,906-934-9033,7118 Coolidge Avenue,Tanjungkerta,Indonesia,,776
798,Barrie,Baybutt,bbaybuttm5@msn.com,828-824-0814,2 Village Green Drive,Roblin,Canada,R7N,475
799,Ofella,Bull,obullm6@shutterfly.com,247-514-6253,21 Thompson Drive,Şirvan,Azerbaijan,,660
800,Munmro,Dore,mdorem7@sogou.com,346-771-1026,26 Armistice Way,Sabanagrande,Honduras,,310
801,Crystie,Hartless,chartlessm8@purevolume.com,246-161-3607,619 Porter Center,Sankera,Nigeria,,976
802,Rosetta,Brisco,rbriscom9@slate.com,117-341-8612,7 Clemons Court,Heydərabad,Azerbaijan,,916
803,Martie,Walentynowicz,mwalentynowiczma@yellowpages.com,966-897-6422,00 Lyons Drive,Wañgan,Philippines,2442,14
804,Marybelle,Moyer,mmoyermb@deliciousdays.com,983-699-1061,2 Russell Plaza,Baisha,China,,23
805,Rhetta,Rraundl,rrraundlmc@yellowbook.com,979-660-4165,63 Forest Run Park,Orivesi,Finland,35301,571
806,Bren,Berard,bberardmd@lulu.com,552-818-4942,720 Nova Pass,Makoba,Botswana,,165
807,Holli,Dow,hdowme@archive.org,239-185-3501,29443 Leroy Alley,Xinbao,China,,579
808,Hattie,Jillions,hjillionsmf@eventbrite.com,254-858-4982,96077 Nova Hill,Cirateun,Indonesia,,491
809,Piotr,Leach,pleachmg@wired.com,840-252-2217,044 Melrose Crossing,Esperalvillo,Dominican Republic,11902,383
810,Esma,Pischel,epischelmh@list-manage.com,661-526-3468,7465 Ludington Trail,Borgholm,Sweden,387 34,685
811,Judy,Batchan,jbatchanmi@ebay.co.uk,222-954-3856,6 Lunder Crossing,Atakpamé,Togo,,661
812,Darda,Pillington,dpillingtonmj@myspace.com,623-592-0431,61427 Main Avenue,Novokuz’minki,Russia,173509,749
813,Kanya,Estrella,kestrellamk@jimdo.com,406-150-7201,70 Glendale Street,Pokhara,Nepal,,307
814,Talbot,Loughan,tloughanml@bloglines.com,340-725-5710,47 Nevada Court,Khuma,China,,739
815,Ethelyn,Redbourn,eredbournmm@wp.com,948-495-1422,098 Boyd Center,Kembang,Indonesia,,557
816,Corbet,Tetley,ctetleymn@springer.com,648-680-4855,8097 Hudson Junction,Fengyang,China,,855
817,Marve,Wasylkiewicz,mwasylkiewiczmo@xrea.com,924-504-8019,7 Arrowood Way,Krásná Hora nad Vltavou,Czech Republic,262 56,905
818,Gilberto,Vinas,gvinasmp@amazon.de,799-331-4980,4 Vahlen Street,Quinipot,Philippines,2505,128
819,Lorenzo,Doe,ldoemq@washington.edu,432-214-5190,5 Kennedy Way,Sanzao,China,,938
820,Riva,Stormonth,rstormonthmr@freewebs.com,931-116-8895,179 Surrey Avenue,Ganping,China,,208
821,Greer,Kevlin,gkevlinms@sfgate.com,390-990-7814,9 Crowley Trail,Sindong,South Korea,,852
822,Florenza,Hobgen,fhobgenmt@mit.edu,470-298-8374,52883 Memorial Alley,Thị Trấn Yên Thịnh,Vietnam,,56
823,Mandel,Grishakin,mgrishakinmu@google.co.uk,782-239-9999,45 Annamark Plaza,Cisoka,Indonesia,,603
824,Ediva,Scoon,escoonmv@icq.com,440-843-5312,780 Esker Point,Llalli,Peru,,235
825,Neda,Ruggles,nrugglesmw@wsj.com,767-694-5893,82884 Blaine Road,Podujeva,Kosovo,,583
826,Ronalda,Edess,redessmx@printfriendly.com,988-214-0207,5190 Miller Alley,Disina,Nigeria,,16
827,Jill,Truckell,jtruckellmy@hc360.com,578-111-5515,9917 Melody Hill,Samajie Ewenkeminzu,China,,166
828,Aguie,Balkwill,abalkwillmz@hao123.com,214-854-2191,7 Nevada Trail,Dallas,United States,75372,241
829,Paddie,Thoumas,pthoumasn0@instagram.com,949-782-4759,51 Maple Wood Parkway,Aygavan,Armenia,,572
830,Chaunce,Dayly,cdaylyn1@ovh.net,719-147-7093,83 Graceland Place,Caldas,Colombia,154667,179
831,Silvia,Del Dello,sdeldellon2@so-net.ne.jp,150-556-9199,5170 Sherman Avenue,Ganyi,China,,144
832,Cecilius,Muffitt,cmuffittn3@purevolume.com,521-386-1826,52115 Monterey Terrace,Az̧ Z̧a‘āyin,Qatar,,705
833,Jacobo,Atwill,jatwilln4@marketwatch.com,220-734-6494,4 Dawn Plaza,Boavista,Portugal,5030-304,483
834,Mechelle,Pickles,mpicklesn5@economist.com,978-703-5397,27948 Donald Way,Al ‘Azīzīyah,Libya,,538
835,Florry,Hegges,fheggesn6@bandcamp.com,532-466-4837,5820 Comanche Lane,Walichnowy,Poland,85-056,824
836,Devonna,Balaisot,dbalaisotn7@1und1.de,320-932-0051,76 Spaight Park,Juan N Alvarez,Mexico,39030,254
837,Lilia,Benck,lbenckn8@joomla.org,994-943-6015,153 Mccormick Place,Ngadipuro,Indonesia,,472
838,Evy,McCrie,emccrien9@yale.edu,552-270-0453,8 Almo Road,Shuangjie,China,,43
839,Malena,Camfield,mcamfieldna@weibo.com,427-137-1699,9 Kinsman Plaza,Baoxing,China,,876
840,Nadiya,Giffkins,ngiffkinsnb@purevolume.com,593-883-7637,74897 Maryland Hill,Sabnova,Russia,368670,232
841,Kayle,MacGillivray,kmacgillivraync@mozilla.com,870-107-4085,77 Amoth Drive,Inanwatan,Indonesia,,379
842,Sophia,Renvoise,srenvoisend@163.com,690-546-7809,632 Nobel Street,Khokhryaki,Russia,427011,919
843,Jamil,Kendall,jkendallne@washington.edu,566-377-3888,3 Stone Corner Pass,Ar Rawnah,Yemen,,479
844,Cindie,Petraitis,cpetraitisnf@harvard.edu,355-669-0678,85 Walton Crossing,Padangpanjang,Indonesia,,386
845,Courtnay,Polley,cpolleyng@ifeng.com,342-500-2569,5697 Fieldstone Way,Lincha,Peru,,419
846,Coralyn,Larroway,clarrowaynh@wikipedia.org,942-712-2940,369 Michigan Pass,Linares,Chile,,534
847,Gherardo,Leele,gleeleni@liveinternet.ru,829-898-8124,3398 Carpenter Park,Itajubá,Brazil,37500-000,127
848,Kirsti,De Hoogh,kdehooghnj@nationalgeographic.com,522-131-7375,62 4th Park,Piraí,Brazil,27175-000,980
849,Kennett,Sink,ksinknk@house.gov,412-222-6368,20 Maple Wood Parkway,Wuhu,China,,617
850,Raddie,Daenen,rdaenennl@china.com.cn,395-393-7591,2996 North Hill,Celica,Ecuador,,51
851,Phillipp,Fewtrell,pfewtrellnm@seesaa.net,282-598-2840,3 Ridgeway Road,Graz,Austria,8047,275
852,Bartel,Soper,bsopernn@biglobe.ne.jp,430-679-1120,964 Westridge Drive,Bålsta,Sweden,746 40,382
853,Daryl,Linford,dlinfordno@bing.com,221-678-9775,012 Havey Court,Krajan,Indonesia,,412
854,Chrissie,Frise,cfrisenp@census.gov,787-577-9290,4495 Huxley Plaza,Tegalsari,Indonesia,,805
855,Kizzie,Denton,kdentonnq@netlog.com,731-425-0125,57 Prentice Avenue,Huarong,China,,499
856,Sigismondo,Andrioletti,sandriolettinr@google.ru,513-430-3186,047 Anderson Trail,Dolores,Argentina,7100,486
857,Adolpho,Pentycross,apentycrossns@artisteer.com,827-998-8166,036 Melody Drive,Matwaḩ,Yemen,,622
858,Elisha,Hattam,ehattamnt@ft.com,280-142-0286,50548 Morrow Junction,Maracás,Brazil,45360-000,932
859,Gerta,Berthelmot,gberthelmotnu@about.me,449-303-1403,29 Schmedeman Hill,An Naşr,Palestinian Territory,,770
860,Corbett,Kardos,ckardosnv@reference.com,483-147-9146,5959 Corry Place,Crossmolina,Ireland,A98,691
861,Ramon,Yanshin,ryanshinnw@livejournal.com,640-150-3255,84 North Drive,Targuist,Morocco,,242
862,Corby,Shotton,cshottonnx@smugmug.com,553-658-2216,25705 Kedzie Terrace,Az Zawr,Kuwait,,645
863,Noni,Cone,nconeny@t.co,197-629-3375,69093 Artisan Plaza,Strabychovo,Ukraine,,346
864,Erinn,Allwell,eallwellnz@163.com,930-259-2591,1425 Kedzie Place,Gongyi,China,,912
865,Hermie,Kennedy,hkennedyo0@house.gov,289-792-3673,40345 Debra Parkway,Solna,Sweden,171 49,548
866,Kalle,Spottiswood,kspottiswoodo1@vimeo.com,699-878-6412,37696 Waywood Lane,Ribeiro,Portugal,4950-719,152
867,Rozanna,Eslie,reslieo2@over-blog.com,946-923-7464,16 Jay Circle,Xinxu,China,,257
868,Mimi,Kenny,mkennyo3@slashdot.org,374-177-5426,6512 Northland Crossing,Ostrów Lubelski,Poland,21-110,173
869,Elane,Hathaway,ehathawayo4@dropbox.com,909-264-8964,155 Eastlawn Lane,Sezemice,Czech Republic,533 04,180
870,Nikola,Risdall,nrisdallo5@amazon.de,236-301-0700,67702 Grim Circle,Shibīn al Kawm,Egypt,,922
871,Rickey,Merriott,rmerriotto6@oakley.com,784-647-3205,2 American Ash Pass,Kongsvinger,Norway,2212,348
872,Leta,Gallego,lgallegoo7@nasa.gov,265-170-7674,3 Esch Drive,Hechuan,China,,445
873,Bax,Alexis,balexiso8@fc2.com,866-447-4876,26549 Bellgrove Street,Semanding,Indonesia,,82
874,Gabi,Goodluck,ggoodlucko9@tinypic.com,296-363-6298,1666 Sloan Alley,Mayang,China,,13
875,Rhianon,Bein,rbeinoa@friendfeed.com,378-875-8188,3406 Rowland Center,Dalamdesa Kalapadua,Indonesia,,91
876,Zora,Wickie,zwickieob@ow.ly,297-333-6441,95 Pepper Wood Trail,Kadugede,Indonesia,,750
877,Cornelle,Mackney,cmackneyoc@issuu.com,937-286-8060,87 2nd Pass,Puerto Francisco de Orellana,Ecuador,,760
878,Nanice,Skeeles,nskeelesod@google.es,748-298-9935,0564 Muir Place,Wunat,Indonesia,,239
879,Ardelis,Gotts,agottsoe@elegantthemes.com,368-184-9132,2 Northview Lane,Zhenkou,China,,630
880,Abagail,Camings,acamingsof@123-reg.co.uk,871-250-2165,150 Bluejay Drive,Pleven,Bulgaria,5885,945
881,Keelia,Lavrick,klavrickog@tumblr.com,115-165-7322,35346 Superior Road,Boxholm,Sweden,590 14,251
882,Edik,Haizelden,ehaizeldenoh@wufoo.com,397-511-1987,46 Oneill Pass,Neftçala,Azerbaijan,,737
883,Ginevra,Eastlake,geastlakeoi@cam.ac.uk,551-702-9975,23759 Clemons Way,Hotaka,Japan,399-8303,712
884,Pedro,Rodgers,prodgersoj@accuweather.com,614-129-2450,2 Drewry Lane,Lipno,Poland,87-601,389
885,Ogden,Bernette,obernetteok@seesaa.net,673-799-0115,13 Daystar Avenue,Bāzārak,Afghanistan,,620
886,Gertrud,Cadamy,gcadamyol@twitter.com,647-847-4775,67 South Alley,Federal,Argentina,3180,497
887,Clemmy,Polson,cpolsonom@examiner.com,720-540-1361,737 Mccormick Circle,Trindade,Brazil,56250-000,839
888,Lilllie,Cheales,lchealeson@nih.gov,681-182-9374,5 Roth Center,Pindi Bhattiān,Pakistan,52181,348
889,Crissy,Hollingsby,chollingsbyoo@live.com,913-302-0145,21942 Hansons Lane,Surkhet,Nepal,,627
890,Alley,Roadnight,aroadnightop@google.de,338-119-3987,7 Pond Avenue,Ciomas,Indonesia,,111
891,Carilyn,Dunlap,cdunlapoq@chicagotribune.com,491-420-9814,7052 Arapahoe Alley,Mondokan,Indonesia,,691
892,Dody,Boyer,dboyeror@soup.io,520-484-9818,2 Steensland Place,Kisela Voda,Macedonia,2436,617
893,Harp,Serris,hserrisos@lycos.com,102-745-4032,992 Fairview Park,Akebielidou,China,,636
894,Kermy,Filoniere,kfiloniereot@phpbb.com,488-463-6719,69127 Londonderry Point,Dodoma,Tanzania,,778
895,Glendon,Lobbe,globbeou@arstechnica.com,831-871-1428,1 Oneill Way,Pateros,Philippines,1930,382
896,Brittan,Kydd,bkyddov@forbes.com,133-917-6434,45543 Oxford Junction,Koltubanovskiy,Russia,446521,143
897,Marti,Illesley,millesleyow@goo.ne.jp,566-842-4747,46 Sutteridge Hill,Mojo,Indonesia,,196
898,Wolfie,Benedettini,wbenedettiniox@sciencedaily.com,170-525-9628,18 Waywood Point,Zhonggang,China,,885
899,Tisha,D'Alessio,tdalessiooy@sfgate.com,306-298-7760,8009 Maple Wood Place,San Sebastian,Mexico,29950,63
900,Julianne,Bogies,jbogiesoz@1und1.de,598-252-8235,3 Northview Court,Sandaogou,China,,296
901,Marco,Merida,mmeridap0@dmoz.org,598-283-2892,2234 Kedzie Plaza,Avon,France,77214 CEDEX,880
902,Erminie,Celli,ecellip1@cargocollective.com,938-333-0931,8406 Northport Park,Morteros,Argentina,2421,619
903,Stanly,Cowwell,scowwellp2@dot.gov,182-998-4652,013 Forest Run Court,Caluquembe,Angola,,851
904,Earlie,Sarten,esartenp3@wufoo.com,446-208-0050,9 Swallow Pass,Joal-Fadiout,Senegal,,79
905,Lilith,Moffet,lmoffetp4@a8.net,682-996-3274,96167 Carey Court,Mabiton,Philippines,1801,515
906,Lurleen,Collinge,lcollingep5@yale.edu,704-978-0315,6804 Sauthoff Pass,Olímpia,Brazil,15400-000,218
907,Yolande,Schops,yschopsp6@typepad.com,478-617-1850,46837 Namekagon Circle,Nîmes,France,30910 CEDEX 2,921
908,Rodney,Oneile,roneilep7@samsung.com,843-780-7723,0419 Red Cloud Terrace,Dikson,Russia,647341,587
909,Roxie,Shields,rshieldsp8@tiny.cc,462-862-3084,34933 Mockingbird Trail,Caçapava,Brazil,12280-000,97
910,Hedwiga,Walaron,hwalaronp9@dagondesign.com,967-663-6889,68 Kinsman Crossing,Az̧ Z̧a‘āyin,Qatar,,319
911,Laurent,Dummer,ldummerpa@issuu.com,978-990-1011,368 Oak Valley Trail,Néa Filadélfeia,Greece,,188
912,Karlie,Larrington,klarringtonpb@goo.gl,398-318-8461,25666 Buell Place,Dubrovka,Russia,242750,769
913,Konrad,Shipsey,kshipseypc@npr.org,751-897-1348,18493 Farwell Trail,Mingzhong,China,,687
914,Judah,Dunnet,jdunnetpd@live.com,147-308-8537,601 Rusk Terrace,Callahuanca,Peru,,233
915,Benjie,Aymerich,baymerichpe@dot.gov,330-181-0740,918 Meadow Ridge Park,Maclear,South Africa,5483,552
916,Ninetta,Lafuente,nlafuentepf@tripod.com,501-152-3171,6882 Luster Road,Remas,Albania,,906
917,Kip,Nary,knarypg@webmd.com,938-413-0391,76 Hauk Trail,Rio das Pedras,Brazil,13390-000,705
918,Putnem,Filipczak,pfilipczakph@t-online.de,756-584-1868,2692 Reinke Circle,Rättvik,Sweden,795 92,41
919,Sela,Burel,sburelpi@thetimes.co.uk,703-226-6754,65 John Wall Lane,Washington,United States,20016,752
920,Marta,Whittlesey,mwhittleseypj@reddit.com,623-820-6527,9 Gina Terrace,Kushiro,Japan,729-5122,481
921,Collen,Fairburne,cfairburnepk@flickr.com,810-883-4004,95728 Daystar Plaza,San Vicente,Philippines,6419,222
922,Georgi,Duck,gduckpl@constantcontact.com,437-444-1819,86 Glendale Drive,Dalu,China,,340
923,Claire,Vale,cvalepm@baidu.com,578-116-4858,4 Kensington Center,Sīlat al Ḩārithīyah,Palestinian Territory,,745
924,Aldo,Torregiani,atorregianipn@xing.com,708-570-9461,85795 Saint Paul Parkway,Kafr Sawm,Jordan,,930
925,Ambrose,Kubasek,akubasekpo@businesswire.com,760-982-4088,4003 Saint Paul Court,Lagoa de Albufeira,Portugal,2970-267,144
926,Stu,Frowde,sfrowdepp@usa.gov,945-903-3563,41 Del Mar Street,Rehnān,Iran,,742
927,Bealle,Burchard,bburchardpq@joomla.org,863-559-3812,1554 Montana Lane,Jimusa’er,China,,434
928,Symon,Spours,sspourspr@skype.com,664-788-6977,440 Tony Lane,Gojō,Japan,648-0002,252
929,Guillaume,Durant,gdurantps@ask.com,589-780-7521,1224 Holmberg Junction,Banjar Jambe Baleran,Indonesia,,784
930,Harriott,Dewis,hdewispt@theatlantic.com,502-222-5949,37425 North Court,Buga,Philippines,5029,750
931,Dolph,Reeks,dreekspu@wp.com,632-560-9255,78 Arizona Circle,Karlskrona,Sweden,371 79,880
932,Chrissie,Ramalhete,cramalhetepv@mail.ru,878-191-0297,56 Schurz Center,Farroupilha,Brazil,95180-000,150
933,Lucinda,Francesc,lfrancescpw@bbb.org,610-974-6602,7132 Nevada Street,Guijalo,Philippines,7113,130
934,Jacky,Andor,jandorpx@sciencedaily.com,398-129-7093,0934 Burrows Point,Songgai,China,,271
935,Chico,Stoll,cstollpy@alexa.com,918-881-3607,892 Warner Street,Nanao,Japan,926-0867,828
936,Isabeau,Canning,icanningpz@etsy.com,265-903-6904,99110 Mallory Center,Sosnovka,Russia,442064,618
937,Sharla,Paley,spaleyq0@imdb.com,327-106-6681,7 Sycamore Point,Pryluky,Ukraine,,186
938,Terri-jo,Outridge,toutridgeq1@nasa.gov,318-321-8059,6172 Lotheville Trail,Balekambang,Indonesia,,645
939,Dennet,Hatter,dhatterq2@sourceforge.net,187-603-5825,77 Dapin Plaza,Mbuji-Mayi,Democratic Republic of the Congo,,824
940,Alexandro,Wanley,awanleyq3@google.nl,313-240-2650,22 Sheridan Park,Ponta do Sol,Cape Verde,,137
941,Marcia,Philipard,mphilipardq4@t-online.de,955-610-8249,0922 Pankratz Court,Olhão,Portugal,8700-156,919
942,Willette,Briztman,wbriztmanq5@qq.com,639-883-1647,768 Prentice Drive,Koźle,Poland,47-280,352
943,Ulysses,de Chastelain,udechastelainq6@hubpages.com,359-759-9503,267 8th Hill,Kamphaeng Phet,Thailand,44190,28
944,Hebert,Whanstall,hwhanstallq7@narod.ru,864-438-0113,7832 8th Hill,Řečany nad Labem,Czech Republic,533 13,625
945,Ezequiel,Gaughan,egaughanq8@arizona.edu,133-494-4360,4451 Karstens Road,Boniewo,Poland,87-851,316
946,Madalyn,Lys,mlysq9@blogspot.com,222-275-1719,69318 Gina Pass,Firovo,Russia,161453,758
947,Olenka,McAvey,omcaveyqa@theatlantic.com,854-242-5682,4 Glendale Place,Łopuszno,Poland,26-070,404
948,Van,Cathee,vcatheeqb@php.net,879-106-5330,749 Continental Hill,Belmopan,Belize,,810
949,Dorene,Cannings,dcanningsqc@theguardian.com,339-853-2423,5139 Blackbird Avenue,Limonade,Haiti,,919
950,Kirk,Skelhorn,kskelhornqd@drupal.org,839-310-2320,428 Cascade Avenue,Dongbei,China,,888
951,Wolfie,Ibbott,wibbottqe@vinaora.com,682-192-8984,525 Longview Avenue,Fort Worth,United States,76178,603
952,Johnna,Renfield,jrenfieldqf@amazon.co.uk,326-598-0358,6 Carioca Drive,Henghe,China,,458
953,Curtis,Czajkowski,cczajkowskiqg@phpbb.com,349-115-3124,66 Northwestern Avenue,La Ravoire,France,73494 CEDEX,151
954,Lilian,Gawthorp,lgawthorpqh@gravatar.com,299-648-1973,5648 Hudson Plaza,Villaba,Philippines,6537,498
955,Clea,Olivello,colivelloqi@geocities.jp,101-299-6335,300 Luster Place,Cisalakdesa,Indonesia,,49
956,Verge,Deguara,vdeguaraqj@ucsd.edu,850-356-9933,3237 Pawling Point,Dongping,China,,78
957,Chiquia,Ellett,cellettqk@mozilla.org,545-721-3755,23 Weeping Birch Parkway,Muaralembu,Indonesia,,625
958,Barthel,Williamson,bwilliamsonql@sun.com,557-955-9322,8 Ronald Regan Junction,Ropice,Czech Republic,739 61,749
959,Michail,Snoddin,msnoddinqm@apple.com,376-503-7912,20 Harper Junction,Kakegawa,Japan,436-0079,291
960,Kassia,Stancliffe,kstancliffeqn@nature.com,120-652-5356,11 Sunnyside Plaza,Xingzi,China,,304
961,Benedick,Tolland,btollandqo@about.me,252-632-8183,6937 Marquette Circle,Grenoble,France,38014 CEDEX 1,901
962,Winfield,Sly,wslyqp@wp.com,253-419-0039,6 Lindbergh Street,Cúcuta,Colombia,540019,594
963,Delora,Farnish,dfarnishqq@ucoz.com,843-467-1144,6008 Bunting Avenue,Notodden,Norway,3675,618
964,Jany,Tierny,jtiernyqr@csmonitor.com,808-895-1428,04881 Valley Edge Court,Gaohe,China,,537
965,Lida,Croxton,lcroxtonqs@washington.edu,325-362-7425,046 Mccormick Lane,Bang Sao Thong,Thailand,10560,849
966,Catlee,Whittek,cwhittekqt@csmonitor.com,991-916-0059,66 Fallview Trail,Shaoha,China,,993
967,Sigfried,Bellas,sbellasqu@google.com,904-508-1999,62817 Twin Pines Trail,Palencia,Spain,34005,882
968,Harland,Girkin,hgirkinqv@goo.ne.jp,906-503-4358,54375 Springview Court,Bandar Seri Begawan,Brunei,,95
969,Carlotta,Rossin,crossinqw@cpanel.net,595-520-3548,931 Ridgeview Trail,Huangjiakou,China,,63
970,Ebeneser,Enrique,eenriqueqx@purevolume.com,292-435-6883,2 Harper Street,Qingqu,China,,404
971,Sharline,Ridsdell,sridsdellqy@com.com,992-718-5149,4 Becker Lane,Shazhouba,China,,286
972,Dall,Fatharly,dfatharlyqz@squidoo.com,196-703-3707,028 Truax Place,Sinabang,Indonesia,,769
973,Leontyne,Gieves,lgievesr0@cornell.edu,707-424-3312,5451 Burrows Point,Camino Real,Mexico,45306,54
974,Carmelia,Calbert,ccalbertr1@pbs.org,962-178-8953,6067 Becker Pass,Pariti,Indonesia,,383
975,Jamal,Fairhead,jfairheadr2@cocolog-nifty.com,437-723-4599,3374 Towne Road,Patenongan,Indonesia,,372
976,Torry,Traut,ttrautr3@youtu.be,581-658-2249,309 Arkansas Junction,Khovaling,Tajikistan,,64
977,Kacy,McNirlan,kmcnirlanr4@discovery.com,663-151-7811,18024 Crescent Oaks Street,Viga,Philippines,4805,319
978,Janith,Gilhool,jgilhoolr5@miitbeian.gov.cn,740-862-7492,51 Hansons Trail,Tunggar,China,,691
979,Buckie,Orgel,borgelr6@huffingtonpost.com,780-349-1015,002 Carioca Crossing,Selorejo,Indonesia,,460
980,Nananne,Osmon,nosmonr7@xrea.com,637-200-9678,3648 Thackeray Parkway,Siasi,Philippines,7412,916
981,Sue,Whitrod,swhitrodr8@prnewswire.com,821-262-8510,3 Butterfield Road,Corinto,Colombia,191569,935
982,Margarita,Jeanet,mjeanetr9@meetup.com,816-738-5815,1 Shopko Place,Saint Joseph,United States,64504,569
983,Shurlocke,Vasechkin,svasechkinra@soup.io,416-189-3771,1 Banding Lane,Mercaderes,Colombia,195069,660
984,Chuck,Jouannin,cjouanninrb@guardian.co.uk,206-115-2103,03369 Petterle Alley,Đắk Glei,Vietnam,,723
985,Shamus,Lensch,slenschrc@bloglovin.com,297-204-5674,35328 Birchwood Crossing,Buštěhrad,Czech Republic,273 43,781
986,Desmund,Jeal,djealrd@biblegateway.com,516-153-2247,427 Linden Alley,Qimeng,China,,72
987,Joshua,Reaveley,jreaveleyre@storify.com,811-780-3767,8191 Jenna Parkway,Yerazgavors,Armenia,,783
988,Shepperd,O'Scully,soscullyrf@ucoz.ru,214-191-9610,0290 Manufacturers Park,Huangqi,China,,773
989,Lilla,MacPaik,lmacpaikrg@youtube.com,856-403-0522,94053 Old Shore Road,Pitangui,Brazil,35650-000,468
990,Goldarina,Basire,gbasirerh@paypal.com,451-939-5070,01 Bluestem Road,San Enrique,Philippines,6104,495
991,Madlen,Youster,myousterri@mapquest.com,837-986-4151,42 Lakewood Gardens Alley,Wushi,China,,781
992,Diann,Dietsche,ddietscherj@kickstarter.com,243-247-7679,2 Bay Park,Sumbersari Wetan,Indonesia,,871
993,Kassandra,Garritley,kgarritleyrk@springer.com,294-157-4940,8 Superior Road,Ngantru,Indonesia,,652
994,Tiphani,Munning,tmunningrl@artisteer.com,649-561-8065,2 Londonderry Lane,Dunkerque,France,59376 CEDEX 1,916
995,Harmony,Spedding,hspeddingrm@wp.com,970-376-8871,6 Menomonie Plaza,Tundagan,Indonesia,,258
996,Gallard,Chessor,gchessorrn@sourceforge.net,594-470-0451,8 New Castle Center,Erlangkou,China,,219
997,Tammy,MacEveley,tmaceveleyro@nature.com,109-783-7083,72 Ohio Pass,Noen Maprang,Thailand,65190,25
998,Bill,Charle,bcharlerp@dailymotion.com,395-940-3372,38 Heffernan Circle,Sayán,Peru,,883
999,Gaylord,Murrigan,gmurriganrq@taobao.com,962-844-0473,91 Victoria Terrace,Beitou,China,,352
1000,Petra,Wharlton,pwharltonrr@linkedin.com,333-172-5943,218 Kingsford Avenue,Gesik,Indonesia,,80
